diamond_query	diamond_target	pident	diamond_length	mismatch	gapopen	qstart	qend	sstart	send	evalue	diamond_bitscore	genomic_start	genomic_end	diamond_contig	ncbi_annotation	host	prophage_scaffold	prophage_id	prophage_begin	prophage_end	prophage_transposable	prophage_taxonomy	contig
WP_015940694.1	csx15	57.1	126	54	0	1	126	1	126	1.69e-51	154.0	2375016	2375402	NC_011831.1	CRISPR-associated protein Csx15	GCF_000021945.1	NC_011831.1	NC_011831.1_prophage1	1831116.0	1834022.0	False	Myoviridae	NC_011831.1
WP_015940694.1	csx15	57.1	126	54	0	1	126	1	126	1.69e-51	154.0	2375016	2375402	NC_011831.1	CRISPR-associated protein Csx15	GCF_000021945.1	NC_011831.1	NC_011831.1_prophage2	2813876.0	2817324.0	False	Unknown	NC_011831.1
WP_206827738.1	crn3	100.0	306	0	0	1	306	1	306	1.82e-233	629.0	669555	670475	NZ_CP065957.1	CRISPR-associated ring nuclease Crn3/Csx3	GCF_017310505.1							
WP_012965029.1	crn3	100.0	102	0	0	1	102	1	102	3.01e-73	207.0	447064	447372	NC_013849.1	CRISPR-associated ring nuclease Crn3/Csx3	GCF_000025505.1							
WP_015146808.1	crn3	100.0	302	0	0	1	302	1	302	2.58e-231	623.0	493264	494172	NC_019693.1	CRISPR-associated ring nuclease Crn3/Csx3	GCF_000317105.1							
WP_015150654.1	crn3	100.0	108	0	0	1	108	1	108	3.15e-80	225.0	5787822	5788148	NC_019693.1	CRISPR-associated ring nuclease Crn3/Csx3	GCF_000317105.1							
WP_015150655.1	crn3	100.0	296	0	0	1	296	1	296	2.88e-225	607.0	5788145	5789035	NC_019693.1	CRISPR-associated protein Csx3	GCF_000317105.1							
WP_126390655.1	crn3	39.4	449	247	8	103	540	98	532	4.35e-80	274.0	85419	89204	NZ_AP017561.1	SAV_2336 N-terminal domain-related protein	GCF_003967015.1							
WP_013419514.1	csx16	100.0	98	0	0	1	98	1	98	4.9199999999999984e-68	194.0	2062432	2062728	NC_014664.1	CRISPR-associated protein Csx16	GCF_000166055.1	NC_014664.1	NC_014664.1_prophage1	1605087.0	1619571.0	False	Unknown	NC_014664.1
WP_013419514.1	csx16	100.0	98	0	0	1	98	1	98	4.9199999999999984e-68	194.0	2062432	2062728	NC_014664.1	CRISPR-associated protein Csx16	GCF_000166055.1	NC_014664.1	NC_014664.1_prophage2	2226388.0	2233875.0	True	Unknown	NC_014664.1
WP_013419514.1	csx16	100.0	98	0	0	1	98	1	98	4.9199999999999984e-68	194.0	2062432	2062728	NC_014664.1	CRISPR-associated protein Csx16	GCF_000166055.1	NC_014664.1	NC_014664.1_prophage3	3014758.0	3031109.0	False	Siphoviridae	NC_014664.1
WP_101810683.1	csx16	100.0	97	0	0	1	97	1	97	2.08e-73	207.0	1164196	1164489	NZ_CP072524.1	CRISPR-associated protein Csx16	GCF_017753665.1	NZ_CP072524.1	NZ_CP072524.1_prophage1	101456.0	107145.0	False	Podoviridae	NZ_CP072524.1
WP_101810683.1	csx16	100.0	97	0	0	1	97	1	97	2.08e-73	207.0	1164196	1164489	NZ_CP072524.1	CRISPR-associated protein Csx16	GCF_017753665.1	NZ_CP072524.1	NZ_CP072524.1_prophage2	646465.0	654838.0	True	Siphoviridae	NZ_CP072524.1
WP_279457375.1	csx16	78.9	95	20	0	1	95	1	95	8.29e-57	165.0	2122403	2122693	NZ_CP103834.1	CRISPR-associated protein Csx16	GCF_029774175.1	NZ_CP103834.1	NZ_CP103834.1_prophage1	851268.0	861327.0	False	Siphoviridae	NZ_CP103834.1
WP_289267054.1	csx16	43.4	445	199	14	1	411	1	426	2.54e-91	292.0	445985	447358	NZ_OX365700.1	type III-B CRISPR module RAMP protein Cmr6	GCF_947241125.1	NZ_OX365700.1	NZ_OX365700.1_prophage1	2149635.0	2151627.0	False	Unknown	NZ_OX365700.1
WP_220677946.1	csx15	56.7	127	55	0	1	127	1	127	6.95e-53	158.0	228844	229227	NZ_CP080953.1	CRISPR-associated protein Csx15	GCF_019645935.1	NZ_CP080953.1	NZ_CP080953.1_prophage1	9467.0	23758.0	False	Myoviridae	NZ_CP080953.1
WP_220677946.1	csx15	56.7	127	55	0	1	127	1	127	6.95e-53	158.0	228844	229227	NZ_CP080953.1	CRISPR-associated protein Csx15	GCF_019645935.1	NZ_CP080953.1	NZ_CP080953.1_prophage2	762197.0	774145.0	True	Unknown	NZ_CP080953.1
WP_220677946.1	csx15	56.7	127	55	0	1	127	1	127	6.95e-53	158.0	228844	229227	NZ_CP080953.1	CRISPR-associated protein Csx15	GCF_019645935.1	NZ_CP080953.1	NZ_CP080953.1_prophage3	2444115.0	2449830.0	False	Unknown	NZ_CP080953.1
WP_187292328.1	csx16	35.3	385	165	8	31	391	107	431	7.91e-55	190.0	876645	877898	NC_022576.1	type III-B CRISPR module RAMP protein Cmr6	GCF_000477435.1							
WP_126329399.1	csx16	100.0	98	0	0	1	98	1	98	2.4399999999999997e-68	194.0	131965	132261	NZ_LR134343.1	CRISPR-associated protein Csx16	GCF_900637105.1							
WP_011277922.1	crn1	100.0	178	0	0	1	178	1	178	1.8899999999999998e-126	348.0	867416	867952	NC_020247.1	CRISPR-associated ring nuclease Crn1	GCF_000338775.1							
WP_102041950.1	csx16	100.0	98	0	0	1	98	1	98	8.81e-71	201.0	1235834	1236130	NZ_CP029331.1	CRISPR-associated protein Csx16	GCF_003345255.1	NZ_CP029331.1	NZ_CP029331.1_prophage1	502690.0	534671.0	False	Myoviridae	NZ_CP029331.1
WP_102041950.1	csx16	100.0	98	0	0	1	98	1	98	8.81e-71	201.0	1235834	1236130	NZ_CP029331.1	CRISPR-associated protein Csx16	GCF_003345255.1	NZ_CP029331.1	NZ_CP029331.1_prophage2	635828.0	660405.0	True	Myoviridae / Siphoviridae	NZ_CP029331.1
WP_114649462.1	csx16	39.5	362	120	13	4	275	5	357	1.4299999999999998e-52	183.0	1236127	1237338	NZ_CP029331.1	type III-B CRISPR module RAMP protein Cmr6	GCF_003345255.1	NZ_CP029331.1	NZ_CP029331.1_prophage1	502690.0	534671.0	False	Myoviridae	NZ_CP029331.1
WP_114649462.1	csx16	39.5	362	120	13	4	275	5	357	1.4299999999999998e-52	183.0	1236127	1237338	NZ_CP029331.1	type III-B CRISPR module RAMP protein Cmr6	GCF_003345255.1	NZ_CP029331.1	NZ_CP029331.1_prophage2	635828.0	660405.0	True	Myoviridae / Siphoviridae	NZ_CP029331.1
WP_010978915.1	crn1	100.0	184	0	0	1	184	1	184	5.3800000000000006e-129	355.0	895437	895991	NC_003106.2	CRISPR-associated ring nuclease Crn1	GCF_000011205.1							
WP_052846121.1	crn1	100.0	177	0	0	1	177	1	177	6.37e-129	354.0	31700	32233	NC_003106.2	CRISPR-associated ring nuclease Crn1	GCF_000011205.1							
WP_315668818.1	csx20	27.6	468	279	17	2	426	3	453	1.83e-42	152.0	2166716	2168014	NZ_CP135435.1	TIGR02221 family CRISPR-associated protein	GCF_032341175.1	NZ_CP135435.1	NZ_CP135435.1_prophage1	3042095.0	3056892.0	False	Siphoviridae	NZ_CP135435.1
WP_012257334.1	csx15	57.1	126	54	0	1	126	1	126	2.92e-51	154.0	2010816	2011202	NC_010175.1	CRISPR-associated protein Csx15	GCF_000018865.1	NC_010175.1	NC_010175.1_prophage1	2949174.0	2961185.0	False	Myoviridae	NC_010175.1
WP_218806816.1	csx16	100.0	99	0	0	1	99	1	99	3.3e-71	202.0	3531618	3531917	NZ_CP079095.1	CRISPR-associated protein Csx16	GCF_019285515.1							
WP_218806820.1	csx16	49.5	376	136	13	1	342	1	356	2.02e-90	290.0	3533479	3534861	NZ_CP079095.1	type III-B CRISPR module RAMP protein Cmr6	GCF_019285515.1							
WP_218806843.1	csx16	34.5	307	193	5	6	307	25	328	2.9099999999999997e-46	157.0	3559118	3560113	NZ_CP079095.1	CRISPR system precrRNA processing endoribonuclease RAMP protein Cas6	GCF_019285515.1							
WP_201499448.1	csx16	75.3	97	24	0	1	97	1	97	1.12e-51	152.0	3505005	3505298	NZ_LR884459.1	CRISPR-associated protein Csx16	GCF_904848165.1	NZ_LR884459.1	NZ_LR884459.1_prophage1	3253894.0	3281053.0	False	Siphoviridae	NZ_LR884459.1
WP_168570348.1	crn3	100.0	301	0	0	1	301	1	301	3.9599999999999996e-230	620.0	4412298	4413203	NZ_CP051167.1	CRISPR-associated ring nuclease Crn3/Csx3	GCF_012295525.1							
WP_096410057.1	csx16	100.0	96	0	0	1	96	1	96	1.5400000000000002e-70	200.0	2267049	2267339	NZ_AP017372.2	CRISPR-associated protein Csx16	GCF_002356555.2	NZ_AP017372.2	NZ_AP017372.2_prophage1	374857.0	376611.0	False	Unknown	NZ_AP017372.2
WP_064022465.1	crn2	100.0	106	0	0	1	106	1	106	2.34e-72	205.0	3619426	3619746	NZ_CP014360.1	DUF1874 domain-containing protein	GCF_001644685.1							
WP_110135908.1	csx16	100.0	98	0	0	1	98	1	98	6.9899999999999985e-68	193.0	382068	382364	NZ_CP027663.1	CRISPR-associated protein Csx16	GCF_003184265.1	NZ_CP027663.1	NZ_CP027663.1_prophage1	2726700.0	2729941.0	False	Unknown	NZ_CP027663.1
WP_168185492.1	csx16	50.5	440	173	11	1	400	1	435	2.14e-121	370.0	394688	395953	NZ_CP027663.1	type III-B CRISPR module RAMP protein Cmr6	GCF_003184265.1	NZ_CP027663.1	NZ_CP027663.1_prophage1	2726700.0	2729941.0	False	Unknown	NZ_CP027663.1
WP_109206362.1	crn1	55.4	276	123	0	15	290	21	296	2.04e-106	307.0	592150	593064	NZ_AP024620.1	CRISPR-associated protein Csx14	GCF_023734095.1	NZ_AP024620.1	NZ_AP024620.1_prophage1	444590.0	449577.0	False	Unknown	NZ_AP024620.1
WP_109206362.1	crn1	55.4	276	123	0	15	290	21	296	2.04e-106	307.0	592150	593064	NZ_AP024620.1	CRISPR-associated protein Csx14	GCF_023734095.1	NZ_AP024620.1	NZ_AP024620.1_prophage2	1040425.0	1051808.0	False	Siphoviridae	NZ_AP024620.1
WP_109206363.1	csx15	55.3	123	54	1	1	122	1	123	2.9999999999999997e-44	136.0	593083	593460	NZ_AP024620.1	CRISPR-associated protein Csx15	GCF_023734095.1	NZ_AP024620.1	NZ_AP024620.1_prophage1	444590.0	449577.0	False	Unknown	NZ_AP024620.1
WP_109206363.1	csx15	55.3	123	54	1	1	122	1	123	2.9999999999999997e-44	136.0	593083	593460	NZ_AP024620.1	CRISPR-associated protein Csx15	GCF_023734095.1	NZ_AP024620.1	NZ_AP024620.1_prophage2	1040425.0	1051808.0	False	Siphoviridae	NZ_AP024620.1
WP_213382340.1	csx16	100.0	105	0	0	1	105	1	105	5.53e-75	212.0	68348	68665	NZ_AP024564.1	CRISPR-associated protein Csx16	GCF_018409545.1							
WP_223050094.1	crn3	100.0	307	0	0	1	307	1	307	7.45e-238	640.0	2678756	2679679	NZ_CP072600.1	CRISPR-associated ring nuclease Crn3/Csx3	GCF_019891175.1	NZ_CP072600.1	NZ_CP072600.1_prophage1	1445989.0	1452240.0	False	Myoviridae	NZ_CP072600.1
WP_315874332.1	crn3	30.8	504	291	12	111	598	97	558	1.5200000000000001e-56	204.0	1404874	1408350	NZ_CP072600.1	formylglycine-generating enzyme family protein	GCF_019891175.1	NZ_CP072600.1	NZ_CP072600.1_prophage1	1445989.0	1452240.0	False	Myoviridae	NZ_CP072600.1
WP_202978840.1	crn3	86.7	150	20	0	7	156	104	253	1.07e-96	276.0	1489225	1489695	NZ_CP021983.2	ATP-binding protein	GCF_002075285.3							
WP_119631304.1	csx16	36.7	403	156	12	5	311	5	404	9.999999999999999e-64	213.0	4480766	4481845	NZ_AP017928.1	type III-B CRISPR module RAMP protein Cmr6	GCF_003584645.1	NZ_AP017928.1	NZ_AP017928.1_prophage1	1893791.0	1913560.0	True	Unknown	NZ_AP017928.1
WP_119632436.1	csx16	100.0	101	0	0	1	101	1	101	6.86e-74	209.0	5938453	5938758	NZ_AP017928.1	CRISPR-associated protein Csx16	GCF_003584645.1	NZ_AP017928.1	NZ_AP017928.1_prophage1	1893791.0	1913560.0	True	Unknown	NZ_AP017928.1
WP_119632443.1	csx16	34.6	312	197	4	10	316	25	334	2.4e-51	170.0	5949204	5950166	NZ_AP017928.1	CRISPR system precrRNA processing endoribonuclease RAMP protein Cas6	GCF_003584645.1	NZ_AP017928.1	NZ_AP017928.1_prophage1	1893791.0	1913560.0	True	Unknown	NZ_AP017928.1
WP_279623138.1	csx16	100.0	96	0	0	1	96	1	96	5.16e-69	196.0	1839774	1840064	NZ_CP103830.1	CRISPR-associated protein Csx16	GCF_029774095.1	NZ_CP103830.1	NZ_CP103830.1_prophage1	175349.0	205059.0	False	Siphoviridae	NZ_CP103830.1
WP_043877606.1	csx16	100.0	96	0	0	1	96	1	96	2.18e-70	199.0	1696970	1697260	NC_005140.1	CRISPR-associated protein Csx16	GCF_000009745.1	NC_005140.1	NC_005140.1_prophage1	937077.0	963375.0	False	Podoviridae	NC_005140.1
WP_012713167.1	crn1	100.0	178	0	0	1	178	1	178	1.8899999999999998e-126	348.0	597072	597608	NC_012589.1	CRISPR-associated ring nuclease Crn1	GCF_000022385.1	NC_012589.1	NC_012589.1_prophage1	124432.0	132932.0	False	Fuselloviridae	NC_012589.1
WP_012568623.1	csx16	36.3	471	267	13	10	473	1	445	6.45e-77	246.0	3603696	3605300	NC_011420.2	TM1812 family CRISPR-associated protein	GCF_000016185.1	NC_011420.2	NC_011420.2_prophage1	33172.0	82509.0	False	Siphoviridae	NC_011420.2
WP_012568623.1	csx16	36.3	471	267	13	10	473	1	445	6.45e-77	246.0	3603696	3605300	NC_011420.2	TM1812 family CRISPR-associated protein	GCF_000016185.1	NC_011420.2	NC_011420.2_prophage2	1149725.0	1188642.0	False	Myoviridae	NC_011420.2
WP_012568623.1	csx16	36.3	471	267	13	10	473	1	445	6.45e-77	246.0	3603696	3605300	NC_011420.2	TM1812 family CRISPR-associated protein	GCF_000016185.1	NC_011420.2	NC_011420.2_prophage3	1341801.0	1347769.0	False	Unknown	NC_011420.2
WP_012568623.1	csx16	36.3	471	267	13	10	473	1	445	6.45e-77	246.0	3603696	3605300	NC_011420.2	TM1812 family CRISPR-associated protein	GCF_000016185.1	NC_011420.2	NC_011420.2_prophage4	1530237.0	1534016.0	False	Unknown	NC_011420.2
WP_012568623.1	csx16	36.3	471	267	13	10	473	1	445	6.45e-77	246.0	3603696	3605300	NC_011420.2	TM1812 family CRISPR-associated protein	GCF_000016185.1	NC_011420.2	NC_011420.2_prophage5	3184184.0	3190859.0	False	Podoviridae	NC_011420.2
WP_012845309.1	csx16	32.0	409	217	11	5	397	458	821	1.4200000000000001e-43	157.0	37385	38665	NC_013502.1	TIGR02221 family CRISPR-associated protein	GCF_000024845.1							
WP_012845310.1	csx20	100.0	130	0	0	1	130	1	130	5.83e-100	277.0	38646	39038	NC_013502.1	hypothetical protein	GCF_000024845.1							
WP_041806822.1	crn1	39.7	277	160	5	12	287	24	294	4.0000000000000005e-49	160.0	31171	32076	NC_013502.1	CRISPR-associated ring nuclease	GCF_000024845.1							
WP_090921462.1	csx16	100.0	98	0	0	1	98	1	98	1.7800000000000002e-70	200.0	411912	412208	NZ_CP016180.1	CRISPR-associated protein Csx16	GCF_013377295.1	NZ_CP016180.1	NZ_CP016180.1_prophage1	1030825.0	1056832.0	False	Siphoviridae	NZ_CP016180.1
WP_090921462.1	csx16	100.0	98	0	0	1	98	1	98	1.7800000000000002e-70	200.0	411912	412208	NZ_CP016180.1	CRISPR-associated protein Csx16	GCF_013377295.1	NZ_CP016180.1	NZ_CP016180.1_prophage2	1067040.0	1070574.0	False	Siphoviridae	NZ_CP016180.1
WP_090921462.1	csx16	100.0	98	0	0	1	98	1	98	1.7800000000000002e-70	200.0	411912	412208	NZ_CP016180.1	CRISPR-associated protein Csx16	GCF_013377295.1	NZ_CP016180.1	NZ_CP016180.1_prophage3	1869346.0	1914803.0	False	Myoviridae	NZ_CP016180.1
WP_097114471.1	csx16	65.9	91	31	0	5	95	4	94	1.03e-42	130.0	1974976	1975275	NZ_CP083931.1	CRISPR-associated protein Csx16	GCF_020162295.1							
WP_286394390.1	crn3	100.0	312	0	0	1	312	1	312	2.13e-235	634.0	556016	556954	NZ_CP097329.1	CRISPR-associated ring nuclease Crn3/Csx3	GCF_030323025.1							
WP_286394411.1	crn3	100.0	301	0	0	1	301	1	301	6.5699999999999996e-229	617.0	570643	571548	NZ_CP097329.1	CRISPR-associated ring nuclease Crn3/Csx3	GCF_030323025.1							
WP_009059478.1	crn3	100.0	124	0	0	1	124	1	124	1.35e-93	260.0	2030467	2030841	NZ_OX458932.1	CRISPR-associated ring nuclease Crn3/Csx3	GCF_949774925.1							
WP_009060287.1	crn3	100.0	317	0	0	1	317	1	317	4.47e-235	634.0	437608	438561	NZ_OX458932.1	CRISPR-associated ring nuclease Crn3/Csx3	GCF_949774925.1							
WP_048129202.1	crn3	100.0	96	0	0	1	96	1	96	2.27e-72	204.0	2990419	2990709	NZ_CP009504.1	CRISPR-associated ring nuclease Crn3/Csx3	GCF_000970005.1							
WP_110271273.1	crn1	100.0	184	0	0	1	184	1	184	1.38e-131	361.0	2382497	2383051	NZ_CP029289.2	CRISPR-associated ring nuclease Crn1	GCF_003201835.2							
WP_015258286.1	csx16	49.4	498	244	6	1	495	1	493	2.47e-158	454.0	1460869	1462380	NC_019902.2	CRISPR-associated protein Csx16	GCF_000321415.2							
WP_015258288.1	csx16	33.0	312	192	8	9	314	25	325	8.58e-42	145.0	1462865	1463821	NC_019902.2	CRISPR system precrRNA processing endoribonuclease RAMP protein Cas6	GCF_000321415.2							
WP_235904890.1	crn5a	100.0	132	0	0	1	132	1	132	3.63e-95	265.0	2007192	2007590	NZ_CP053642.1	hypothetical protein	GCF_013177295.1							
WP_150047703.1	csx16	100.0	119	0	0	1	119	1	119	1.96e-86	242.0	1618215	1618574	NZ_CP043929.1	CRISPR-associated protein Csx16	GCF_008632455.1							
WP_056934688.1	crn3	100.0	103	0	0	1	103	1	103	1.42e-76	216.0	2059841	2060152	NZ_CP013050.1	CRISPR-associated ring nuclease Crn3/Csx3	GCF_001433455.1							
WP_241760292.1	crn1	100.0	244	0	0	1	244	1	244	3.89e-163	446.0	111880	112614	NC_002689.2	CRISPR-associated protein Csx14	GCF_000011185.1							
WP_132953987.1	csx16	62.8	94	35	0	3	96	2	95	5.48e-42	128.0	808506	808799	NZ_CP091507.1	CRISPR-associated protein Csx16	GCF_022870845.1							
WP_214419189.1	crn1	100.0	255	0	0	1	255	1	255	1.83e-187	508.0	2885636	2886403	NZ_CP075546.1	CRISPR-associated protein Csx14	GCF_018502485.1							
WP_302228858.1	csx16	60.2	98	39	0	1	98	1	98	4.0399999999999996e-46	139.0	2251593	2251898	NZ_CP092752.1	CRISPR-associated protein Csx16	GCF_030506185.1	NZ_CP092752.1	NZ_CP092752.1_prophage1	1263101.0	1267936.0	False	Unknown	NZ_CP092752.1
WP_302228858.1	csx16	60.2	98	39	0	1	98	1	98	4.0399999999999996e-46	139.0	2251593	2251898	NZ_CP092752.1	CRISPR-associated protein Csx16	GCF_030506185.1	NZ_CP092752.1	NZ_CP092752.1_prophage2	2196938.0	2200941.0	False	Siphoviridae	NZ_CP092752.1
WP_302228858.1	csx16	60.2	98	39	0	1	98	1	98	4.0399999999999996e-46	139.0	2251593	2251898	NZ_CP092752.1	CRISPR-associated protein Csx16	GCF_030506185.1	NZ_CP092752.1	NZ_CP092752.1_prophage3	4120782.0	4178534.0	False	Siphoviridae	NZ_CP092752.1
WP_302228858.1	csx16	60.2	98	39	0	1	98	1	98	4.0399999999999996e-46	139.0	2251593	2251898	NZ_CP092752.1	CRISPR-associated protein Csx16	GCF_030506185.1	NZ_CP092752.1	NZ_CP092752.1_prophage4	4925564.0	4957149.0	False	Myoviridae	NZ_CP092752.1
WP_012309096.1	crn1	82.9	246	41	1	1	245	1	246	2.79e-143	396.0	461284	462021	NC_010482.1	CRISPR-associated ring nuclease	GCF_000019605.1							
WP_299285130.1	csx15	58.7	126	52	0	1	126	1	126	1.25e-53	160.0	1251996	1252409	NZ_CP076326.1	CRISPR-associated protein Csx15	GCF_018771565.1							
WP_303899835.1	csx16	30.6	428	241	10	5	417	1	387	7.99e-41	146.0	1269147	1270409	NZ_CP076326.1	TM1812 family CRISPR-associated protein	GCF_018771565.1							
WP_014515734.1	csx16	33.8	385	222	13	7	370	1	373	1.04e-44	156.0	1329355	1330503	NC_017278.1	TIGR02221 family CRISPR-associated protein	GCF_000236585.1							
WP_218260732.1	crn1	100.0	178	0	0	1	178	1	178	1.75e-122	338.0	1965735	1966271	NZ_CP077715.1	CRISPR-associated ring nuclease Crn1	GCF_019175325.1							
WP_011635231.1	csx16	100.0	98	0	0	1	98	1	98	3.73e-72	204.0	2351604	2351900	NC_008344.1	CRISPR-associated protein Csx16	GCF_000014765.1	NC_008344.1	NC_008344.1_prophage1	1534582.0	1566348.0	False	Siphoviridae	NC_008344.1
WP_011635231.1	csx16	100.0	98	0	0	1	98	1	98	3.73e-72	204.0	2351604	2351900	NC_008344.1	CRISPR-associated protein Csx16	GCF_000014765.1	NC_008344.1	NC_008344.1_prophage2	2323253.0	2326256.0	False	Unknown	NC_008344.1
WP_011635231.1	csx16	100.0	98	0	0	1	98	1	98	3.73e-72	204.0	2351604	2351900	NC_008344.1	CRISPR-associated protein Csx16	GCF_000014765.1	NC_008344.1	NC_008344.1_prophage3	2627181.0	2632498.0	True	Podoviridae	NC_008344.1
WP_011635231.1	csx16	100.0	98	0	0	1	98	1	98	3.73e-72	204.0	2351604	2351900	NC_008344.1	CRISPR-associated protein Csx16	GCF_000014765.1	NC_008342.1	NC_008342.1_prophage1	23087.0	29869.0	True	Unknown	NC_008342.1
WP_104898453.1	crn3	100.0	317	0	0	1	317	1	317	3.28e-237	639.0	97681	98634	NZ_CP026681.1	CRISPR-associated ring nuclease Crn3/Csx3	GCF_002949735.1							
WP_258169745.1	crn3	33.6	587	314	12	3	571	4	532	6.33e-84	276.0	2443697	2445967	NZ_CP026681.1	GUN4 domain-containing protein	GCF_002949735.1							
WP_054837051.1	crn1	100.0	181	0	0	1	181	1	181	1.28e-130	358.0	432504	433049	NZ_CP029287.2	CRISPR-associated ring nuclease Crn1	GCF_003201675.2							
WP_054837107.1	crn1	100.0	177	0	0	1	177	1	177	5.03e-126	347.0	2513511	2514044	NZ_CP029287.2	CRISPR-associated ring nuclease Crn1	GCF_003201675.2							
WP_013033748.1	csx16	33.1	287	184	4	41	323	46	328	1.85e-41	144.0	2891485	2892492	NC_013960.1	CRISPR system precrRNA processing endoribonuclease RAMP protein Cas6	GCF_000024725.1	NC_013960.1	NC_013960.1_prophage1	970258.0	1002598.0	False	Siphoviridae	NC_013960.1
WP_161507924.1	csx16	100.0	101	0	0	1	101	1	101	6.6e-72	204.0	74591	74896	NZ_CP047963.1	CRISPR-associated protein Csx16	GCF_009931135.1	NZ_CP047963.1	NZ_CP047963.1_prophage1	157072.0	173005.0	True	Unknown	NZ_CP047963.1
WP_176809449.1	csx16	78.1	96	21	0	1	96	1	96	2.03e-57	167.0	458393	458683	NZ_CP055306.1	CRISPR-associated protein Csx16	GCF_013377975.1	NZ_CP055306.1	NZ_CP055306.1_prophage1	1286709.0	1292342.0	False	Unknown	NZ_CP055306.1
WP_176809449.1	csx16	78.1	96	21	0	1	96	1	96	2.03e-57	167.0	458393	458683	NZ_CP055306.1	CRISPR-associated protein Csx16	GCF_013377975.1	NZ_CP055306.1	NZ_CP055306.1_prophage2	1553674.0	1570254.0	False	Siphoviridae	NZ_CP055306.1
WP_176809449.1	csx16	78.1	96	21	0	1	96	1	96	2.03e-57	167.0	458393	458683	NZ_CP055306.1	CRISPR-associated protein Csx16	GCF_013377975.1	NZ_CP055306.1	NZ_CP055306.1_prophage3	1631917.0	1674586.0	False	Siphoviridae	NZ_CP055306.1
WP_080175944.1	csx16	100.0	105	0	0	1	105	1	105	2.34e-76	215.0	11758	12075	NZ_AP024856.1	CRISPR-associated protein Csx16	GCF_024529955.1	NZ_AP024854.1	NZ_AP024854.1_prophage1	1567235.0	1597591.0	False	Myoviridae	NZ_AP024854.1
WP_080175944.1	csx16	100.0	105	0	0	1	105	1	105	2.34e-76	215.0	11758	12075	NZ_AP024856.1	CRISPR-associated protein Csx16	GCF_024529955.1	NZ_AP024854.1	NZ_AP024854.1_prophage2	1624145.0	1655337.0	False	Myoviridae	NZ_AP024854.1
WP_080175944.1	csx16	100.0	105	0	0	1	105	1	105	2.34e-76	215.0	11758	12075	NZ_AP024856.1	CRISPR-associated protein Csx16	GCF_024529955.1	NZ_AP024855.1	NZ_AP024855.1_prophage1	1806.0	19316.0	False	Myoviridae	NZ_AP024855.1
WP_080175944.1	csx16	100.0	105	0	0	1	105	1	105	2.34e-76	215.0	11758	12075	NZ_AP024856.1	CRISPR-associated protein Csx16	GCF_024529955.1	NZ_AP024857.1	NZ_AP024857.1_prophage1	8494.0	15802.0	False	Myoviridae	NZ_AP024857.1
WP_308393243.1	csx16	100.0	120	0	0	1	120	1	120	3.12e-88	246.0	981627	981989	NZ_CP133218.1	CRISPR-associated protein Csx16	GCF_030931035.1							
WP_308896464.1	csx16	34.6	312	186	10	12	316	31	331	2.38e-49	165.0	969767	970753	NZ_CP133218.1	CRISPR system precrRNA processing endoribonuclease RAMP protein Cas6	GCF_030931035.1							
WP_015122016.1	crn3	36.0	611	335	18	12	603	5	578	3.73e-87	288.0	7709515	7712154	NC_019678.1	formylglycine-generating enzyme family protein	GCF_000316665.1							
WP_106069895.1	csx20	62.2	119	45	0	1	119	1	119	1.23e-50	152.0	2807544	2807918	NZ_CP027234.1	CRISPR-associated protein	GCF_002998535.1	NZ_CP027234.1	NZ_CP027234.1_prophage1	3459550.0	3464225.0	True	Unknown	NZ_CP027234.1
WP_259096860.1	crn1	43.5	278	150	6	10	284	21	294	7.769999999999999e-61	190.0	743126	744013	NZ_CP130454.1	CRISPR-associated ring nuclease	GCF_030520105.1							
WP_259100675.1	csx16	31.4	401	228	10	1	383	1	372	5.58e-44	156.0	119883	121349	NZ_CP130454.1	TIGR02221 family CRISPR-associated protein	GCF_030520105.1							
WP_015691319.1	csx20	93.3	120	8	0	1	120	1	120	1.61e-81	229.0	943418	943780	NC_016940.1	hypothetical protein	GCF_000250635.1							
WP_011447759.1	crn1	100.0	257	0	0	1	257	1	257	7.429999999999999e-188	509.0	831972	832745	NC_007796.1	CRISPR-associated protein Csx14	GCF_000013445.1							
WP_014846976.1	crn5a	100.0	86	0	0	1	86	1	86	5.4800000000000005e-64	182.0	1306718	1306978	NZ_CP072385.1	hypothetical protein	GCF_018128365.1							
WP_320548207.1	csx16	71.9	89	25	0	5	93	400	488	1.83e-41	137.0	1305738	1306049	NZ_CP139195.1	CRISPR-associated protein Csx16	GCF_034057115.1	NZ_CP139195.1	NZ_CP139195.1_prophage1	1474142.0	1509763.0	True	Siphoviridae	NZ_CP139195.1
WP_320548207.1	csx16	71.9	89	25	0	5	93	400	488	1.83e-41	137.0	1305738	1306049	NZ_CP139195.1	CRISPR-associated protein Csx16	GCF_034057115.1	NZ_CP139195.1	NZ_CP139195.1_prophage2	2176393.0	2215104.0	False	Myoviridae	NZ_CP139195.1
WP_015746548.1	crn5b	100.0	124	0	0	1	124	1	124	6.97e-87	243.0	1354085	1354459	NC_013235.1	hypothetical protein	GCF_000024365.1	NC_013235.1	NC_013235.1_prophage1	1157924.0	1169099.0	False	Myoviridae	NC_013235.1
WP_015746548.1	crn5b	100.0	124	0	0	1	124	1	124	6.97e-87	243.0	1354085	1354459	NC_013235.1	hypothetical protein	GCF_000024365.1	NC_013235.1	NC_013235.1_prophage2	1328393.0	1370438.0	True	Siphoviridae	NC_013235.1
WP_015746548.1	crn5b	100.0	124	0	0	1	124	1	124	6.97e-87	243.0	1354085	1354459	NC_013235.1	hypothetical protein	GCF_000024365.1	NC_013235.1	NC_013235.1_prophage3	2772771.0	2778459.0	True	Siphoviridae	NC_013235.1
WP_015746548.1	crn5b	100.0	124	0	0	1	124	1	124	6.97e-87	243.0	1354085	1354459	NC_013235.1	hypothetical protein	GCF_000024365.1	NC_013235.1	NC_013235.1_prophage4	3307099.0	3311307.0	False	Unknown	NC_013235.1
WP_015746548.1	crn5b	100.0	124	0	0	1	124	1	124	6.97e-87	243.0	1354085	1354459	NC_013235.1	hypothetical protein	GCF_000024365.1	NC_013235.1	NC_013235.1_prophage5	3827690.0	3838252.0	True	Siphoviridae	NC_013235.1
WP_015746548.1	crn5b	100.0	124	0	0	1	124	1	124	6.97e-87	243.0	1354085	1354459	NC_013235.1	hypothetical protein	GCF_000024365.1	NC_013235.1	NC_013235.1_prophage6	3951886.0	3968867.0	True	Unknown	NC_013235.1
WP_015746548.1	crn5b	100.0	124	0	0	1	124	1	124	6.97e-87	243.0	1354085	1354459	NC_013235.1	hypothetical protein	GCF_000024365.1	NC_013235.1	NC_013235.1_prophage7	5136771.0	5165436.0	True	Siphoviridae	NC_013235.1
WP_015746548.1	crn5b	100.0	124	0	0	1	124	1	124	6.97e-87	243.0	1354085	1354459	NC_013235.1	hypothetical protein	GCF_000024365.1	NC_013235.1	NC_013235.1_prophage8	5807691.0	5817505.0	False	Unknown	NC_013235.1
WP_236501278.1	csx16	100.0	98	0	0	1	98	1	98	3.07e-71	202.0	1561094	1561390	NZ_CP091244.1	CRISPR-associated protein Csx16	GCF_021650935.1	NZ_CP091244.1	NZ_CP091244.1_prophage1	1861365.0	1865636.0	False	Siphoviridae	NZ_CP091244.1
WP_236501294.1	csx16	36.2	312	185	9	7	313	25	327	1.26e-51	171.0	1574611	1575576	NZ_CP091244.1	CRISPR system precrRNA processing endoribonuclease RAMP protein Cas6	GCF_021650935.1	NZ_CP091244.1	NZ_CP091244.1_prophage1	1861365.0	1865636.0	False	Siphoviridae	NZ_CP091244.1
WP_114086176.1	crn3	34.2	571	308	15	30	585	15	532	8.77e-67	227.0	315791	317686	NZ_CP046705.1	SAV_2336 N-terminal domain-related protein	GCF_009873495.1							
WP_210221276.1	csx16	34.6	312	186	10	12	316	31	331	3.18e-50	167.0	2562386	2563372	NZ_CP072801.1	CRISPR system precrRNA processing endoribonuclease RAMP protein Cas6	GCF_017901135.1							
WP_210221287.1	csx16	100.0	96	0	0	1	96	1	96	1.27e-69	197.0	2575988	2576278	NZ_CP072801.1	CRISPR-associated protein Csx16	GCF_017901135.1							
WP_148705320.1	crn3	100.0	96	0	0	1	96	1	96	2.65e-71	202.0	2250107	2250397	NZ_CP009507.1	CRISPR-associated ring nuclease Crn3/Csx3	GCF_000970125.1							
WP_012636442.1	csx20	30.1	452	264	15	6	422	6	440	9.07e-50	172.0	1611114	1612403	NC_011899.1	TIGR02221 family CRISPR-associated protein	GCF_000020485.1							
WP_011429775.1	crn3	100.0	306	0	0	1	306	1	306	5.05e-240	645.0	896418	897338	NC_007775.1	CRISPR-associated ring nuclease Crn3/Csx3	GCF_000013205.1	NC_007775.1	NC_007775.1_prophage1	208310.0	216414.0	False	Myoviridae	NC_007775.1
WP_004366834.1	csx20	60.2	118	47	0	1	118	1	118	6.06e-51	152.0	17266	17622	NZ_CP082842.1	hypothetical protein	GCF_019930605.1							
WP_004366836.1	csx20	30.4	441	252	13	1	407	1	420	6.12e-51	176.0	17612	18931	NZ_CP082842.1	TIGR02221 family CRISPR-associated protein	GCF_019930605.1							
WP_197719274.1	crn5a	63.7	124	42	1	820	940	3	126	1.43e-45	155.0	1210055	1212928	NZ_LR134363.1	hypothetical protein	GCF_900637295.1							
WP_213245821.1	crn5b	100.0	141	0	0	1	141	1	141	3.98e-101	281.0	129553	129978	NZ_CP045809.1	hypothetical protein	GCF_025273675.1	NZ_CP045809.1	NZ_CP045809.1_prophage1	235493.0	250812.0	True	Myoviridae	NZ_CP045809.1
WP_213245821.1	crn5b	100.0	141	0	0	1	141	1	141	3.98e-101	281.0	129553	129978	NZ_CP045809.1	hypothetical protein	GCF_025273675.1	NZ_CP045809.1	NZ_CP045809.1_prophage2	2260323.0	2286317.0	False	Unknown	NZ_CP045809.1
WP_213245821.1	crn5b	100.0	141	0	0	1	141	1	141	3.98e-101	281.0	129553	129978	NZ_CP045809.1	hypothetical protein	GCF_025273675.1	NZ_CP045809.1	NZ_CP045809.1_prophage3	3191675.0	3197273.0	True	Unknown	NZ_CP045809.1
WP_012582986.1	crn3	100.0	109	0	0	1	109	1	109	6.600000000000001e-78	219.0	614566	614895	NC_011661.1	CRISPR-associated ring nuclease Crn3/Csx3	GCF_000021645.1							
WP_012269225.1	csx20	29.4	449	284	12	5	429	6	445	9.61e-56	188.0	959791	961080	NC_014964.1	TIGR02221 family CRISPR-associated protein	GCF_000175295.2							
WP_233127589.1	csx16	100.0	83	0	0	1	83	15	97	9.28e-62	177.0	465879	466130	NZ_CP091509.1	CRISPR-associated protein Csx16	GCF_022870885.1	NZ_CP091509.1	NZ_CP091509.1_prophage1	1604058.0	1631444.0	False	Myoviridae	NZ_CP091509.1
WP_015197936.1	crn3	36.3	565	300	12	3	540	4	535	3.76e-93	310.0	2720854	2724444	NC_019751.1	SAV_2336 N-terminal domain-related protein	GCF_000317435.1							
WP_015197943.1	crn3	36.8	554	298	15	3	529	4	532	8.459999999999999e-92	307.0	2731583	2735443	NC_019751.1	SAV_2336 N-terminal domain-related protein	GCF_000317435.1							
WP_033843684.1	csx20	27.5	473	288	12	4	439	6	460	4.15e-42	151.0	1253243	1254568	NZ_AP022557.1	TIGR02221 family CRISPR-associated protein	GCF_011405175.1	NZ_AP022557.1	NZ_AP022557.1_prophage1	2063383.0	2086176.0	False	Siphoviridae	NZ_AP022557.1
WP_033843684.1	csx20	27.5	473	288	12	4	439	6	460	4.15e-42	151.0	1253243	1254568	NZ_AP022557.1	TIGR02221 family CRISPR-associated protein	GCF_011405175.1	NZ_AP022559.1	NZ_AP022559.1_prophage1	855.0	25288.0	False	Siphoviridae	NZ_AP022559.1
WP_033843684.1	csx20	27.5	473	288	12	4	439	6	460	4.15e-42	151.0	1253243	1254568	NZ_AP022557.1	TIGR02221 family CRISPR-associated protein	GCF_011405175.1	NZ_AP022559.1	NZ_AP022559.1_prophage2	27015.0	36984.0	False	Unknown	NZ_AP022559.1
WP_172600407.1	crn2	100.0	106	0	0	1	106	1	106	1.16e-72	206.0	1346463	1346783	NZ_AP018724.1	DUF1874 domain-containing protein	GCF_004001245.1	NZ_AP018724.1	NZ_AP018724.1_prophage1	425753.0	428682.0	False	Siphoviridae	NZ_AP018724.1
WP_172600407.1	crn2	100.0	106	0	0	1	106	1	106	1.16e-72	206.0	1346463	1346783	NZ_AP018724.1	DUF1874 domain-containing protein	GCF_004001245.1	NZ_AP018724.1	NZ_AP018724.1_prophage2	1011258.0	1047024.0	False	Siphoviridae	NZ_AP018724.1
WP_172600407.1	crn2	100.0	106	0	0	1	106	1	106	1.16e-72	206.0	1346463	1346783	NZ_AP018724.1	DUF1874 domain-containing protein	GCF_004001245.1	NZ_AP018724.1	NZ_AP018724.1_prophage3	2883068.0	2901390.0	False	Siphoviridae	NZ_AP018724.1
WP_172600407.1	crn2	100.0	106	0	0	1	106	1	106	1.16e-72	206.0	1346463	1346783	NZ_AP018724.1	DUF1874 domain-containing protein	GCF_004001245.1	NZ_AP018724.1	NZ_AP018724.1_prophage4	2922149.0	2964835.0	False	Siphoviridae	NZ_AP018724.1
WP_010880197.1	crn3	100.0	111	0	0	1	111	1	111	8.25e-82	229.0	253252	253587	NC_000918.1	CRISPR-associated ring nuclease Crn3/Csx3	GCF_000008625.1							
WP_320059535.1	csx20	32.2	602	339	19	1	566	1	569	6.45e-84	267.0	1495070	1496779	NZ_OY762899.1	TIGR02221 family CRISPR-associated protein	GCF_963666545.1							
WP_106892140.1	crn2	60.2	103	41	0	1	103	1	103	7.83e-41	125.0	3588783	3589100	NZ_CP027860.1	YddF family protein	GCF_003015185.1	NZ_CP027860.1	NZ_CP027860.1_prophage1	3163226.0	3181192.0	False	Unknown	NZ_CP027860.1
WP_054846536.1	crn1	100.0	166	0	0	1	166	1	166	2.54e-116	321.0	2034027	2034527	NZ_AP018930.1	CRISPR-associated ring nuclease Crn1	GCF_008326385.1							
WP_149528726.1	crn1	100.0	173	0	0	1	173	1	173	2.9300000000000003e-123	339.0	1965132	1965653	NZ_AP018930.1	CRISPR-associated ring nuclease Crn1	GCF_008326385.1							
WP_111696522.1	csx16	96.9	96	3	0	1	96	1	96	4.2499999999999985e-68	194.0	999327	999617	NZ_LS483458.1	CRISPR-associated protein Csx16	GCF_900477945.1	NZ_LS483458.1	NZ_LS483458.1_prophage1	671360.0	679893.0	False	Siphoviridae	NZ_LS483458.1
WP_111696522.1	csx16	96.9	96	3	0	1	96	1	96	4.2499999999999985e-68	194.0	999327	999617	NZ_LS483458.1	CRISPR-associated protein Csx16	GCF_900477945.1	NZ_LS483458.1	NZ_LS483458.1_prophage2	1460290.0	1495897.0	False	Siphoviridae	NZ_LS483458.1
WP_197560626.1	csx16	97.9	96	2	0	1	96	1	96	5.16e-69	196.0	1966747	1967037	NZ_CP063117.1	CRISPR-associated protein Csx16	GCF_014931375.1							
WP_107806427.1	crn3	34.9	450	268	8	109	548	98	532	1.32e-62	222.0	2919930	2923187	NZ_CP020114.1	SAV_2336 N-terminal domain-related protein	GCF_003054475.1							
WP_107806699.1	crn3	100.0	306	0	0	1	306	1	306	5.8499999999999985e-230	620.0	4039862	4040782	NZ_CP020114.1	CRISPR-associated ring nuclease Crn3/Csx3	GCF_003054475.1							
WP_012121176.1	csx15	55.6	126	55	1	1	125	1	126	6.35e-45	137.0	3463969	3464346	NC_009767.1	CRISPR-associated protein Csx15	GCF_000017805.1	NC_009767.1	NC_009767.1_prophage1	3632062.0	3662945.0	False	Myoviridae	NC_009767.1
WP_013522872.1	csx20	29.1	453	280	15	1	425	1	440	2.38e-47	166.0	353887	355227	NC_014915.1	TIGR02221 family CRISPR-associated protein	GCF_000174795.2	NC_014915.1	NC_014915.1_prophage1	2966754.0	2991655.0	False	Siphoviridae	NC_014915.1
WP_013522872.1	csx20	29.1	453	280	15	1	425	1	440	2.38e-47	166.0	353887	355227	NC_014915.1	TIGR02221 family CRISPR-associated protein	GCF_000174795.2	NC_014915.1	NC_014915.1_prophage2	2993516.0	3001468.0	False	Unknown	NC_014915.1
WP_106683685.1	csx16	54.1	357	118	9	1	312	1	356	1.54e-106	331.0	1722192	1723469	NZ_CP027667.1	type III-B CRISPR module RAMP protein Cmr6	GCF_003008575.1							
WP_106683689.1	csx16	76.0	96	23	0	1	96	1	96	3.94e-53	156.0	1725441	1725746	NZ_CP027667.1	CRISPR-associated protein Csx16	GCF_003008575.1							
WP_011695830.1	crn3	71.9	89	25	0	1	89	1	89	2.95e-46	138.0	677993	678262	NC_008553.1	CRISPR-associated ring nuclease Crn3/Csx3	GCF_000014945.1	NC_008553.1	NC_008553.1_prophage1	770799.0	774400.0	False	Myoviridae	NC_008553.1
WP_174721927.1	crn5a	100.0	156	0	0	1	156	1	156	4.85e-116	320.0	520443	520913	NZ_CP025228.1	hypothetical protein	GCF_004102025.1	NZ_CP025228.1	NZ_CP025228.1_prophage1	2694550.0	2713410.0	False	Siphoviridae	NZ_CP025228.1
WP_174721927.1	crn5a	100.0	156	0	0	1	156	1	156	4.85e-116	320.0	520443	520913	NZ_CP025228.1	hypothetical protein	GCF_004102025.1	NZ_CP025228.1	NZ_CP025228.1_prophage2	2728375.0	2746971.0	False	Siphoviridae	NZ_CP025228.1
WP_015712719.1	csx20	26.2	466	278	15	15	436	3	446	5.73e-48	167.0	3373850	3375172	NC_015577.1	TIGR02221 family CRISPR-associated protein	GCF_000214355.1	NC_015577.1	NC_015577.1_prophage1	1391781.0	1398844.0	False	Siphoviridae	NC_015577.1
WP_126513540.1	csx16	100.0	96	0	0	1	96	1	96	6.27e-70	198.0	1053101	1053391	NZ_LR134490.1	CRISPR-associated protein Csx16	GCF_900638105.1	NZ_LR134490.1	NZ_LR134490.1_prophage1	954195.0	981646.0	False	Myoviridae	NZ_LR134490.1
WP_126513540.1	csx16	100.0	96	0	0	1	96	1	96	6.27e-70	198.0	1053101	1053391	NZ_LR134490.1	CRISPR-associated protein Csx16	GCF_900638105.1	NZ_LR134490.1	NZ_LR134490.1_prophage2	1325285.0	1358922.0	False	Myoviridae	NZ_LR134490.1
WP_126513540.1	csx16	100.0	96	0	0	1	96	1	96	6.27e-70	198.0	1053101	1053391	NZ_LR134490.1	CRISPR-associated protein Csx16	GCF_900638105.1	NZ_LR134490.1	NZ_LR134490.1_prophage3	1603146.0	1635162.0	False	Myoviridae	NZ_LR134490.1
WP_013537002.1	crn3	100.0	100	0	0	1	100	1	100	8.72e-72	203.0	229773	230075	NC_014926.1	CRISPR-associated ring nuclease Crn3/Csx3	GCF_000185805.1	NC_014926.1	NC_014926.1_prophage1	15220.0	32368.0	False	Siphoviridae	NC_014926.1
WP_013537002.1	crn3	100.0	100	0	0	1	100	1	100	8.72e-72	203.0	229773	230075	NC_014926.1	CRISPR-associated ring nuclease Crn3/Csx3	GCF_000185805.1	NC_014926.1	NC_014926.1_prophage2	39557.0	42868.0	False	Siphoviridae	NC_014926.1
WP_239730320.1	crn3	100.0	306	0	0	1	306	1	306	2.38e-229	619.0	1279680	1280600	NZ_CP060140.1	CRISPR-associated ring nuclease Crn3/Csx3	GCF_022376295.1							
WP_126443803.1	csx16	100.0	102	0	0	1	102	1	102	5.19e-74	209.0	180969	181277	NZ_AP018718.1	CRISPR-associated protein Csx16	GCF_003966565.1							
WP_172599984.1	csx16	58.0	407	151	8	1	404	40	429	6.66e-139	416.0	185380	186660	NZ_AP018718.1	type III-B CRISPR module RAMP protein Cmr6	GCF_003966565.1							
WP_014512361.1	crn1	100.0	84	0	0	1	84	1	84	3.63e-59	170.0	468404	468658	NC_021058.1	hypothetical protein	GCF_000364745.1							
WP_014513568.1	crn1	100.0	178	0	0	1	178	1	178	9.39e-127	348.0	451646	452182	NC_021058.1	CRISPR-associated ring nuclease Crn1	GCF_000364745.1							
WP_015373845.1	csx20	28.7	449	281	14	1	422	1	437	7.78e-45	159.0	331974	333314	NC_020210.1	TIGR02221 family CRISPR-associated protein	GCF_000336445.1	NC_020210.1	NC_020210.1_prophage1	798881.0	806495.0	True	Myoviridae	NC_020210.1
WP_075586941.1	csx16	37.8	447	182	11	6	372	3	433	5.29e-72	237.0	1616306	1617493	NZ_CP019240.1	type III-B CRISPR module RAMP protein Cmr6	GCF_001955735.1	NZ_CP019240.1	NZ_CP019240.1_prophage1	2082904.0	2093099.0	False	Unknown	NZ_CP019240.1
WP_075586941.1	csx16	37.8	447	182	11	6	372	3	433	5.29e-72	237.0	1616306	1617493	NZ_CP019240.1	type III-B CRISPR module RAMP protein Cmr6	GCF_001955735.1	NZ_CP019240.1	NZ_CP019240.1_prophage2	2428358.0	2441000.0	True	Siphoviridae	NZ_CP019240.1
WP_075586941.1	csx16	37.8	447	182	11	6	372	3	433	5.29e-72	237.0	1616306	1617493	NZ_CP019240.1	type III-B CRISPR module RAMP protein Cmr6	GCF_001955735.1	NZ_CP019240.1	NZ_CP019240.1_prophage3	2595224.0	2599612.0	False	Siphoviridae	NZ_CP019240.1
WP_075586941.1	csx16	37.8	447	182	11	6	372	3	433	5.29e-72	237.0	1616306	1617493	NZ_CP019240.1	type III-B CRISPR module RAMP protein Cmr6	GCF_001955735.1	NZ_CP019240.1	NZ_CP019240.1_prophage4	2970281.0	2980797.0	False	Myoviridae	NZ_CP019240.1
WP_075586943.1	csx16	100.0	102	0	0	1	102	1	102	3.12e-75	212.0	1617891	1618199	NZ_CP019240.1	CRISPR-associated protein Csx16	GCF_001955735.1	NZ_CP019240.1	NZ_CP019240.1_prophage1	2082904.0	2093099.0	False	Unknown	NZ_CP019240.1
WP_075586943.1	csx16	100.0	102	0	0	1	102	1	102	3.12e-75	212.0	1617891	1618199	NZ_CP019240.1	CRISPR-associated protein Csx16	GCF_001955735.1	NZ_CP019240.1	NZ_CP019240.1_prophage2	2428358.0	2441000.0	True	Siphoviridae	NZ_CP019240.1
WP_075586943.1	csx16	100.0	102	0	0	1	102	1	102	3.12e-75	212.0	1617891	1618199	NZ_CP019240.1	CRISPR-associated protein Csx16	GCF_001955735.1	NZ_CP019240.1	NZ_CP019240.1_prophage3	2595224.0	2599612.0	False	Siphoviridae	NZ_CP019240.1
WP_075586943.1	csx16	100.0	102	0	0	1	102	1	102	3.12e-75	212.0	1617891	1618199	NZ_CP019240.1	CRISPR-associated protein Csx16	GCF_001955735.1	NZ_CP019240.1	NZ_CP019240.1_prophage4	2970281.0	2980797.0	False	Myoviridae	NZ_CP019240.1
WP_012638361.1	crn2	100.0	107	0	0	1	107	1	107	3.06e-73	207.0	1915068	1915391	NC_011901.1	YddF family protein	GCF_000021985.1	NC_011901.1	NC_011901.1_prophage1	439533.0	467059.0	True	Unknown	NC_011901.1
WP_012638361.1	crn2	100.0	107	0	0	1	107	1	107	3.06e-73	207.0	1915068	1915391	NC_011901.1	YddF family protein	GCF_000021985.1	NC_011901.1	NC_011901.1_prophage2	1735425.0	1761059.0	False	Myoviridae	NC_011901.1
WP_012638361.1	crn2	100.0	107	0	0	1	107	1	107	3.06e-73	207.0	1915068	1915391	NC_011901.1	YddF family protein	GCF_000021985.1	NC_011901.1	NC_011901.1_prophage3	1875810.0	1879064.0	False	Siphoviridae	NC_011901.1
WP_012638361.1	crn2	100.0	107	0	0	1	107	1	107	3.06e-73	207.0	1915068	1915391	NC_011901.1	YddF family protein	GCF_000021985.1	NC_011901.1	NC_011901.1_prophage4	3419575.0	3427805.0	False	Inoviridae	NC_011901.1
WP_256646637.1	csx16	100.0	95	0	0	1	95	1	95	4.799999999999999e-69	196.0	794641	794928	NZ_CP093311.1	CRISPR-associated protein Csx16	GCF_024498955.1	NZ_CP093311.1	NZ_CP093311.1_prophage1	2256305.0	2260137.0	False	Unknown	NZ_CP093311.1
WP_048040251.1	crn3	100.0	96	0	0	1	96	1	96	1.31e-71	202.0	1626320	1626610	NZ_CP009513.1	CRISPR-associated ring nuclease Crn3/Csx3	GCF_000970225.1							
WP_221288388.1	crn1	100.0	182	0	0	1	182	1	182	1.88e-128	353.0	2841309	2841857	NZ_AP024597.1	CRISPR-associated ring nuclease Crn1	GCF_019704315.1							
WP_289932491.1	csx16	34.2	316	179	10	47	351	31	328	1.93e-43	151.0	1325593	1326771	NZ_CP128988.1	CRISPR system precrRNA processing endoribonuclease RAMP protein Cas6	GCF_030406045.1	NZ_CP128988.1	NZ_CP128988.1_prophage1	24871.0	34226.0	False	Inoviridae	NZ_CP128988.1
WP_289932502.1	csx16	46.5	361	93	8	1	264	1	358	6.54e-88	280.0	1335525	1336646	NZ_CP128988.1	type III-B CRISPR module RAMP protein Cmr6	GCF_030406045.1	NZ_CP128988.1	NZ_CP128988.1_prophage1	24871.0	34226.0	False	Inoviridae	NZ_CP128988.1
WP_289932732.1	csx16	100.0	84	0	0	1	84	1	84	3.1e-60	173.0	1337943	1338197	NZ_CP128988.1	CRISPR-associated protein Csx16	GCF_030406045.1	NZ_CP128988.1	NZ_CP128988.1_prophage1	24871.0	34226.0	False	Inoviridae	NZ_CP128988.1
WP_218265843.1	crn1	100.0	177	0	0	1	177	1	177	8.7e-127	348.0	1533219	1533752	NZ_CP077717.1	CRISPR-associated ring nuclease Crn1	GCF_019175345.1	NZ_CP077717.1	NZ_CP077717.1_prophage1	2843122.0	2849800.0	False	Fuselloviridae	NZ_CP077717.1
WP_218266141.1	crn1	100.0	178	0	0	1	178	1	178	1.23e-122	338.0	2044094	2044630	NZ_CP077717.1	CRISPR-associated ring nuclease Crn1	GCF_019175345.1	NZ_CP077717.1	NZ_CP077717.1_prophage1	2843122.0	2849800.0	False	Fuselloviridae	NZ_CP077717.1
WP_068515455.1	crn3	100.0	104	0	0	1	104	1	104	7.59e-77	216.0	5328991	5329305	NZ_AP017367.1	CRISPR-associated ring nuclease Crn3/Csx3	GCF_001548395.1							
WP_084782922.1	crn3	100.0	319	0	0	1	319	1	319	1.25e-242	653.0	5297359	5298318	NZ_AP017367.1	CRISPR-associated ring nuclease Crn3/Csx3	GCF_001548395.1							
WP_062483748.1	csx16	51.1	450	165	13	1	415	1	430	1.91e-120	369.0	1004409	1005746	NZ_LN885086.1	type III-B CRISPR module RAMP protein Cmr6	GCF_001458695.1							
WP_048040251.1	crn3	100.0	96	0	0	1	96	1	96	1.31e-71	202.0	1699716	1700006	NZ_CP042908.1	CRISPR-associated ring nuclease Crn3/Csx3	GCF_010706455.1							
WP_015182560.1	crn3	100.0	123	0	0	1	123	1	123	1.85e-95	265.0	3011967	3012338	NC_019738.1	CRISPR-associated ring nuclease Crn3/Csx3	GCF_000317515.1							
WP_015186240.1	crn3	100.0	109	0	0	1	109	1	109	4.1199999999999997e-81	228.0	37553	37882	NC_019740.1	CRISPR-associated ring nuclease Crn3/Csx3	GCF_000317515.1							
WP_015186241.1	crn3	100.0	300	0	0	1	300	1	300	7.09e-228	614.0	37958	38860	NC_019740.1	CRISPR-associated ring nuclease Crn3/Csx3	GCF_000317515.1							
WP_012715576.1	crn1	100.0	84	0	0	1	84	1	84	1.4800000000000001e-58	169.0	375591	375845	NC_012622.1	hypothetical protein	GCF_000022465.1							
WP_279480552.1	csx16	80.2	96	19	0	1	96	1	96	2.03e-57	167.0	1792566	1792856	NZ_CP103831.1	CRISPR-associated protein Csx16	GCF_029774115.1							
WP_119334770.1	csx16	72.9	425	109	3	1	421	1	423	2.97e-212	606.0	761275	762636	NZ_AP018558.1	type III-B CRISPR module RAMP protein Cmr6	GCF_003574215.1	NZ_AP018558.1	NZ_AP018558.1_prophage1	1016230.0	1049943.0	False	Myoviridae	NZ_AP018558.1
WP_197713766.1	csx16	100.0	492	0	0	1	492	1	492	0.0	968.0	759800	761278	NZ_AP018558.1	CRISPR-associated protein Csx16	GCF_003574215.1	NZ_AP018558.1	NZ_AP018558.1_prophage1	1016230.0	1049943.0	False	Myoviridae	NZ_AP018558.1
WP_006719558.1	csx16	100.0	96	0	0	1	96	1	96	4.4100000000000005e-70	199.0	975962	976252	NZ_CP065983.1	CRISPR-associated protein Csx16	GCF_016127115.1	NZ_CP065983.1	NZ_CP065983.1_prophage1	1180672.0	1189534.0	False	Siphoviridae	NZ_CP065983.1
WP_006719558.1	csx16	100.0	96	0	0	1	96	1	96	4.4100000000000005e-70	199.0	975962	976252	NZ_CP065983.1	CRISPR-associated protein Csx16	GCF_016127115.1	NZ_CP065983.1	NZ_CP065983.1_prophage2	1548609.0	1581353.0	False	Siphoviridae	NZ_CP065983.1
WP_006719558.1	csx16	100.0	96	0	0	1	96	1	96	4.4100000000000005e-70	199.0	975962	976252	NZ_CP065983.1	CRISPR-associated protein Csx16	GCF_016127115.1	NZ_CP065983.1	NZ_CP065983.1_prophage3	1586554.0	1615824.0	False	Siphoviridae	NZ_CP065983.1
WP_156014453.1	crn1	100.0	184	0	0	1	184	1	184	5.3800000000000006e-129	355.0	1196717	1197271	NZ_CP045484.1	CRISPR-associated ring nuclease Crn1	GCF_009729055.1							
WP_156015763.1	crn1	100.0	177	0	0	1	177	1	177	5.24e-128	352.0	2683190	2683723	NZ_CP045484.1	CRISPR-associated ring nuclease Crn1	GCF_009729055.1							
WP_181927108.1	crn3	100.0	317	0	0	1	317	1	317	1.15e-237	640.0	14181	15134	NZ_CP054694.1	CRISPR-associated ring nuclease Crn3/Csx3	GCF_014023275.1	NZ_CP054698.1	NZ_CP054698.1_prophage1	6109254.0	6116863.0	False	Myoviridae	NZ_CP054698.1
WP_235931454.1	crn5a	100.0	142	0	0	1	142	1	142	5.21e-102	283.0	2476140	2476568	NZ_CP063989.1	hypothetical protein	GCF_014595995.2							
WP_014512361.1	crn1	100.0	84	0	0	1	84	1	84	3.63e-59	170.0	415729	415983	NZ_CP046616.1	hypothetical protein	GCF_028472005.1							
WP_021995788.1	csx16	100.0	104	0	0	1	104	1	104	2.64e-77	218.0	270234	270548	NZ_CP068055.1	CRISPR-associated protein Csx16	GCF_016724805.1	NZ_CP068055.1	NZ_CP068055.1_prophage1	54442.0	85271.0	False	Myoviridae	NZ_CP068055.1
WP_021995788.1	csx16	100.0	104	0	0	1	104	1	104	2.64e-77	218.0	270234	270548	NZ_CP068055.1	CRISPR-associated protein Csx16	GCF_016724805.1	NZ_CP068055.1	NZ_CP068055.1_prophage2	2194104.0	2216768.0	False	Podoviridae	NZ_CP068055.1
WP_021995788.1	csx16	100.0	104	0	0	1	104	1	104	2.64e-77	218.0	270234	270548	NZ_CP068055.1	CRISPR-associated protein Csx16	GCF_016724805.1	NZ_CP068055.1	NZ_CP068055.1_prophage3	2225779.0	2234057.0	False	Unknown	NZ_CP068055.1
WP_010879357.1	crn3	100.0	104	0	0	1	104	1	104	1.26e-75	213.0	1831483	1831797	NZ_CP006577.1	CRISPR-associated ring nuclease Crn3/Csx3	GCF_000734035.1							
WP_048095168.1	crn1	100.0	238	0	0	1	238	1	238	3.25e-168	458.0	552463	553179	NZ_CP006577.1	CRISPR-associated protein Csx14	GCF_000734035.1							
WP_061432248.1	crn3	28.7	595	331	14	28	580	15	558	1.85e-61	216.0	580332	582944	NZ_AP024565.1	formylglycine-generating enzyme family protein	GCF_019704275.1							
WP_221275323.1	crn3	37.6	460	254	12	108	551	97	539	4.78e-75	255.0	2740316	2743039	NZ_AP024565.1	formylglycine-generating enzyme family protein	GCF_019704275.1							
WP_011345011.1	csx20	29.5	457	270	14	6	438	7	435	4.36e-48	168.0	1905956	1907329	NC_007503.1	TIGR02221 family CRISPR-associated protein	GCF_000012865.1	NC_007503.1	NC_007503.1_prophage1	1488540.0	1519181.0	False	Siphoviridae	NC_007503.1
WP_017290290.1	crn3	32.7	559	314	15	20	548	15	541	1.3e-62	222.0	5717989	5721240	NZ_CP092419.1	formylglycine-generating enzyme family protein	GCF_022372495.1							
WP_011277922.1	crn1	100.0	178	0	0	1	178	1	178	1.8899999999999998e-126	348.0	867412	867948	NC_020246.1	CRISPR-associated ring nuclease Crn1	GCF_000340315.1							
WP_099833534.1	csx16	71.0	100	29	0	1	100	1	100	1.8700000000000002e-49	147.0	499165	499473	NZ_CP024176.2	CRISPR-associated protein Csx16	GCF_002752755.2							
WP_083470823.1	crn5a	100.0	140	0	0	1	140	1	140	1.2899999999999999e-101	282.0	2842756	2843178	NZ_CP012590.1	hypothetical protein	GCF_001278845.1	NZ_CP012590.1	NZ_CP012590.1_prophage1	230176.0	235003.0	False	Podoviridae	NZ_CP012590.1
WP_011813432.1	csx16	100.0	103	0	0	1	103	1	103	9.65e-75	211.0	701072	701383	NC_008789.1	CRISPR-associated protein Csx16	GCF_000015585.1	NC_008789.1	NC_008789.1_prophage1	1398527.0	1411427.0	True	Myoviridae / Siphoviridae	NC_008789.1
WP_011813439.1	csx16	43.6	365	122	16	1	288	1	358	3.2100000000000005e-70	233.0	709213	710424	NC_008789.1	type III-B CRISPR module RAMP protein Cmr6	GCF_000015585.1	NC_008789.1	NC_008789.1_prophage1	1398527.0	1411427.0	True	Myoviridae / Siphoviridae	NC_008789.1
WP_011813440.1	csx16	39.0	323	156	11	1	297	24	331	8.53e-50	166.0	710421	711335	NC_008789.1	CRISPR system precrRNA processing endoribonuclease RAMP protein Cas6	GCF_000015585.1	NC_008789.1	NC_008789.1_prophage1	1398527.0	1411427.0	True	Myoviridae / Siphoviridae	NC_008789.1
WP_011813442.1	csx16	100.0	100	0	0	1	100	1	100	6.61e-76	214.0	713008	713310	NC_008789.1	CRISPR-associated protein Csx16	GCF_000015585.1	NC_008789.1	NC_008789.1_prophage1	1398527.0	1411427.0	True	Myoviridae / Siphoviridae	NC_008789.1
WP_069588110.1	crn1	53.1	277	130	0	14	290	21	297	7.08e-100	290.0	461336	462226	NZ_CP017019.1	CRISPR-associated protein Csx14	GCF_001729945.1	NZ_CP017019.1	NZ_CP017019.1_prophage1	440035.0	452484.0	False	Siphoviridae	NZ_CP017019.1
WP_069588110.1	crn1	53.1	277	130	0	14	290	21	297	7.08e-100	290.0	461336	462226	NZ_CP017019.1	CRISPR-associated protein Csx14	GCF_001729945.1	NZ_CP017019.1	NZ_CP017019.1_prophage2	530230.0	537884.0	False	Unknown	NZ_CP017019.1
WP_231115140.1	csx15	56.5	124	54	0	12	135	3	126	2.8300000000000003e-47	144.0	462201	462608	NZ_CP017019.1	CRISPR-associated protein Csx15	GCF_001729945.1	NZ_CP017019.1	NZ_CP017019.1_prophage1	440035.0	452484.0	False	Siphoviridae	NZ_CP017019.1
WP_231115140.1	csx15	56.5	124	54	0	12	135	3	126	2.8300000000000003e-47	144.0	462201	462608	NZ_CP017019.1	CRISPR-associated protein Csx15	GCF_001729945.1	NZ_CP017019.1	NZ_CP017019.1_prophage2	530230.0	537884.0	False	Unknown	NZ_CP017019.1
WP_020878441.1	csx20	34.9	447	255	10	3	427	4	436	1.41e-78	249.0	2917212	2918534	NZ_CP019913.2	TIGR02221 family CRISPR-associated protein	GCF_002009335.2	NZ_CP019913.2	NZ_CP019913.2_prophage1	703618.0	716062.0	False	Siphoviridae / Podoviridae	NZ_CP019913.2
WP_020878441.1	csx20	34.9	447	255	10	3	427	4	436	1.41e-78	249.0	2917212	2918534	NZ_CP019913.2	TIGR02221 family CRISPR-associated protein	GCF_002009335.2	NZ_CP019913.2	NZ_CP019913.2_prophage2	1899573.0	1902186.0	False	Myoviridae	NZ_CP019913.2
WP_011110768.1	csx16	100.0	98	0	0	1	98	1	98	1.8500000000000002e-72	205.0	144899	145195	NC_004757.1	CRISPR-associated protein Csx16	GCF_000009145.1	NC_004757.1	NC_004757.1_prophage1	1377547.0	1386058.0	True	Siphoviridae	NC_004757.1
WP_011110768.1	csx16	100.0	98	0	0	1	98	1	98	1.8500000000000002e-72	205.0	144899	145195	NC_004757.1	CRISPR-associated protein Csx16	GCF_000009145.1	NC_004757.1	NC_004757.1_prophage2	2762573.0	2781526.0	True	Unknown	NC_004757.1
WP_316428080.1	crn3	38.1	522	299	8	48	564	79	581	9.51e-91	298.0	1310161	1312785	NZ_CP130144.1	formylglycine-generating enzyme family protein	GCF_032620035.1							
WP_316428436.1	crn3	31.7	567	327	14	10	549	8	541	1.35e-61	219.0	2014707	2018432	NZ_CP130144.1	formylglycine-generating enzyme family protein	GCF_032620035.1							
WP_012972304.1	csx16	100.0	105	0	0	1	105	1	105	3.33e-76	215.0	16230	16547	NC_013852.1	CRISPR-associated protein Csx16	GCF_000025485.1							
WP_055409327.1	crn1	100.0	158	0	0	1	158	1	158	3.67e-112	310.0	1334738	1335214	NZ_CP013011.1	hypothetical protein	GCF_001412615.1							
WP_026612071.1	csx16	100.0	101	0	0	1	101	1	101	4.83e-74	209.0	951839	952144	NZ_OX458333.1	CRISPR-associated protein Csx16	GCF_949769195.1	NZ_OX458333.1	NZ_OX458333.1_prophage1	1118144.0	1127542.0	False	Unknown	NZ_OX458333.1
WP_026612180.1	csx16	100.0	109	0	0	1	109	1	109	8.64e-83	232.0	1143489	1143818	NZ_OX458333.1	CRISPR-associated protein Csx16	GCF_949769195.1	NZ_OX458333.1	NZ_OX458333.1_prophage1	1118144.0	1127542.0	False	Unknown	NZ_OX458333.1
WP_051332074.1	csx16	38.5	403	149	14	5	311	5	404	3.57e-63	211.0	957778	958857	NZ_OX458333.1	type III-B CRISPR module RAMP protein Cmr6	GCF_949769195.1	NZ_OX458333.1	NZ_OX458333.1_prophage1	1118144.0	1127542.0	False	Unknown	NZ_OX458333.1
WP_317963730.1	csx16	34.9	315	196	5	9	318	24	334	2.4e-51	170.0	985992	986954	NZ_OX458333.1	CRISPR system precrRNA processing endoribonuclease RAMP protein Cas6	GCF_949769195.1	NZ_OX458333.1	NZ_OX458333.1_prophage1	1118144.0	1127542.0	False	Unknown	NZ_OX458333.1
WP_073330164.1	crn5a	100.0	150	0	0	1	150	1	150	9.909999999999999e-113	311.0	516720	517172	NZ_CP027862.1	hypothetical protein	GCF_003111765.1	NZ_CP027862.1	NZ_CP027862.1_prophage1	390591.0	401560.0	False	Siphoviridae	NZ_CP027862.1
WP_013929973.1	csx20	45.1	344	178	7	1	342	1	335	9.13e-92	280.0	5029137	5030201	NC_015703.1	TIGR02221 family CRISPR-associated protein	GCF_000218895.1							
WP_170084797.1	csx15	43.9	228	117	5	3	221	11	236	6.24e-53	169.0	369651	370376	NZ_LR792683.1	CRISPR-associated protein Csx15	GCF_902829275.1	NZ_LR792683.1	NZ_LR792683.1_prophage1	1324031.0	1337433.0	False	Siphoviridae	NZ_LR792683.1
WP_266023222.1	csx16	45.9	442	148	11	1	370	1	423	5.47e-102	318.0	651347	652543	NZ_CP110921.1	type III-B CRISPR module RAMP protein Cmr6	GCF_026247885.1	NZ_CP110921.1	NZ_CP110921.1_prophage1	17968.0	30426.0	False	Siphoviridae	NZ_CP110921.1
WP_266023222.1	csx16	45.9	442	148	11	1	370	1	423	5.47e-102	318.0	651347	652543	NZ_CP110921.1	type III-B CRISPR module RAMP protein Cmr6	GCF_026247885.1	NZ_CP110921.1	NZ_CP110921.1_prophage2	1793947.0	1802118.0	True	Siphoviridae	NZ_CP110921.1
WP_266023222.1	csx16	45.9	442	148	11	1	370	1	423	5.47e-102	318.0	651347	652543	NZ_CP110921.1	type III-B CRISPR module RAMP protein Cmr6	GCF_026247885.1	NZ_CP110921.1	NZ_CP110921.1_prophage3	1924104.0	1957254.0	False	Siphoviridae	NZ_CP110921.1
WP_266023222.1	csx16	45.9	442	148	11	1	370	1	423	5.47e-102	318.0	651347	652543	NZ_CP110921.1	type III-B CRISPR module RAMP protein Cmr6	GCF_026247885.1	NZ_CP110921.1	NZ_CP110921.1_prophage4	2520489.0	2561608.0	True	Siphoviridae	NZ_CP110921.1
WP_266023222.1	csx16	45.9	442	148	11	1	370	1	423	5.47e-102	318.0	651347	652543	NZ_CP110921.1	type III-B CRISPR module RAMP protein Cmr6	GCF_026247885.1	NZ_CP110921.1	NZ_CP110921.1_prophage5	3213273.0	3234661.0	False	Siphoviridae	NZ_CP110921.1
WP_266023222.1	csx16	45.9	442	148	11	1	370	1	423	5.47e-102	318.0	651347	652543	NZ_CP110921.1	type III-B CRISPR module RAMP protein Cmr6	GCF_026247885.1	NZ_CP110921.1	NZ_CP110921.1_prophage6	3246446.0	3273803.0	False	Siphoviridae	NZ_CP110921.1
WP_266023223.1	csx16	100.0	99	0	0	1	99	1	99	4.7e-71	201.0	652540	652839	NZ_CP110921.1	CRISPR-associated protein Csx16	GCF_026247885.1	NZ_CP110921.1	NZ_CP110921.1_prophage1	17968.0	30426.0	False	Siphoviridae	NZ_CP110921.1
WP_266023223.1	csx16	100.0	99	0	0	1	99	1	99	4.7e-71	201.0	652540	652839	NZ_CP110921.1	CRISPR-associated protein Csx16	GCF_026247885.1	NZ_CP110921.1	NZ_CP110921.1_prophage2	1793947.0	1802118.0	True	Siphoviridae	NZ_CP110921.1
WP_266023223.1	csx16	100.0	99	0	0	1	99	1	99	4.7e-71	201.0	652540	652839	NZ_CP110921.1	CRISPR-associated protein Csx16	GCF_026247885.1	NZ_CP110921.1	NZ_CP110921.1_prophage3	1924104.0	1957254.0	False	Siphoviridae	NZ_CP110921.1
WP_266023223.1	csx16	100.0	99	0	0	1	99	1	99	4.7e-71	201.0	652540	652839	NZ_CP110921.1	CRISPR-associated protein Csx16	GCF_026247885.1	NZ_CP110921.1	NZ_CP110921.1_prophage4	2520489.0	2561608.0	True	Siphoviridae	NZ_CP110921.1
WP_266023223.1	csx16	100.0	99	0	0	1	99	1	99	4.7e-71	201.0	652540	652839	NZ_CP110921.1	CRISPR-associated protein Csx16	GCF_026247885.1	NZ_CP110921.1	NZ_CP110921.1_prophage5	3213273.0	3234661.0	False	Siphoviridae	NZ_CP110921.1
WP_266023223.1	csx16	100.0	99	0	0	1	99	1	99	4.7e-71	201.0	652540	652839	NZ_CP110921.1	CRISPR-associated protein Csx16	GCF_026247885.1	NZ_CP110921.1	NZ_CP110921.1_prophage6	3246446.0	3273803.0	False	Siphoviridae	NZ_CP110921.1
WP_110379056.1	crn1	100.0	192	0	0	1	192	1	192	4.7499999999999996e-136	373.0	100246	100824	NZ_CP029288.2	CRISPR-associated ring nuclease Crn1	GCF_003201765.2							
WP_264430068.1	csx16	100.0	96	0	0	1	96	1	96	6.75e-74	208.0	409183	409473	NZ_CP080627.1	CRISPR-associated protein Csx16	GCF_025917315.1	NZ_CP080627.1	NZ_CP080627.1_prophage1	1746048.0	1754328.0	False	Unknown	NZ_CP080627.1
WP_264430068.1	csx16	100.0	96	0	0	1	96	1	96	6.75e-74	208.0	409183	409473	NZ_CP080627.1	CRISPR-associated protein Csx16	GCF_025917315.1	NZ_CP080628.1	NZ_CP080628.1_prophage1	4.0	11243.0	False	Myoviridae / Siphoviridae	NZ_CP080628.1
WP_048120528.1	crn3	100.0	96	0	0	1	96	1	96	1.12e-72	205.0	2854588	2854878	NZ_CP009530.1	CRISPR-associated ring nuclease Crn3/Csx3	GCF_000970065.1							
WP_157679124.1	crn2	100.0	141	0	0	1	141	1	141	9.75e-102	282.0	2229104	2229529	NZ_CP022129.1	YddF family protein	GCF_002209385.1	NZ_CP022129.1	NZ_CP022129.1_prophage1	1980460.0	1987551.0	False	Unknown	NZ_CP022129.1
WP_157679124.1	crn2	100.0	141	0	0	1	141	1	141	9.75e-102	282.0	2229104	2229529	NZ_CP022129.1	YddF family protein	GCF_002209385.1	NZ_CP022129.1	NZ_CP022129.1_prophage2	2987863.0	2991193.0	False	Unknown	NZ_CP022129.1
WP_041440094.1	csx20	31.8	428	262	10	8	416	4	420	5.75e-56	189.0	1677239	1678585	NC_008554.1	TIGR02221 family CRISPR-associated protein	GCF_000014965.1	NC_008554.1	NC_008554.1_prophage1	2287931.0	2313554.0	False	Siphoviridae	NC_008554.1
WP_041440094.1	csx20	31.8	428	262	10	8	416	4	420	5.75e-56	189.0	1677239	1678585	NC_008554.1	TIGR02221 family CRISPR-associated protein	GCF_000014965.1	NC_008554.1	NC_008554.1_prophage2	4633929.0	4698509.0	True	Myoviridae	NC_008554.1
WP_095413673.1	csx15	58.9	124	50	1	6	128	3	126	3.39e-49	149.0	259159	259563	NZ_CP018477.1	CRISPR-associated protein Csx15	GCF_002277955.1	NZ_CP018477.1	NZ_CP018477.1_prophage1	304583.0	314743.0	False	Unknown	NZ_CP018477.1
WP_095413673.1	csx15	58.9	124	50	1	6	128	3	126	3.39e-49	149.0	259159	259563	NZ_CP018477.1	CRISPR-associated protein Csx15	GCF_002277955.1	NZ_CP018477.1	NZ_CP018477.1_prophage2	481168.0	504037.0	False	Myoviridae	NZ_CP018477.1
WP_136314191.1	crn5a	100.0	149	0	0	1	149	1	149	1.47e-109	303.0	3095535	3095984	NZ_CP039292.1	hypothetical protein	GCF_004798665.1	NZ_CP039292.1	NZ_CP039292.1_prophage1	2360096.0	2386639.0	False	Siphoviridae	NZ_CP039292.1
WP_136314191.1	crn5a	100.0	149	0	0	1	149	1	149	1.47e-109	303.0	3095535	3095984	NZ_CP039292.1	hypothetical protein	GCF_004798665.1	NZ_CP039292.1	NZ_CP039292.1_prophage2	3185982.0	3208050.0	False	Siphoviridae	NZ_CP039292.1
WP_136314191.1	crn5a	100.0	149	0	0	1	149	1	149	1.47e-109	303.0	3095535	3095984	NZ_CP039292.1	hypothetical protein	GCF_004798665.1	NZ_CP039292.1	NZ_CP039292.1_prophage3	3326307.0	3356563.0	False	Siphoviridae	NZ_CP039292.1
WP_136314191.1	crn5a	100.0	149	0	0	1	149	1	149	1.47e-109	303.0	3095535	3095984	NZ_CP039292.1	hypothetical protein	GCF_004798665.1	NZ_CP039292.1	NZ_CP039292.1_prophage4	3468866.0	3493117.0	False	Siphoviridae	NZ_CP039292.1
WP_211428386.1	csx16	38.2	395	225	9	1	385	1	386	4.9699999999999995e-81	252.0	2177908	2179095	NZ_CP072648.1	TM1812 family CRISPR-associated protein	GCF_018304825.1							
WP_197743238.1	csx16	100.0	127	0	0	1	127	1	127	1.63e-91	255.0	517920	518303	NZ_AP021876.1	CRISPR-associated protein Csx16	GCF_009688985.1	NZ_AP021876.1	NZ_AP021876.1_prophage1	808067.0	824010.0	False	Siphoviridae	NZ_AP021876.1
WP_197743238.1	csx16	100.0	127	0	0	1	127	1	127	1.63e-91	255.0	517920	518303	NZ_AP021876.1	CRISPR-associated protein Csx16	GCF_009688985.1	NZ_AP021876.1	NZ_AP021876.1_prophage2	1067866.0	1071701.0	False	Unknown	NZ_AP021876.1
WP_197743238.1	csx16	100.0	127	0	0	1	127	1	127	1.63e-91	255.0	517920	518303	NZ_AP021876.1	CRISPR-associated protein Csx16	GCF_009688985.1	NZ_AP021876.1	NZ_AP021876.1_prophage3	3153534.0	3159687.0	False	Myoviridae	NZ_AP021876.1
WP_197743238.1	csx16	100.0	127	0	0	1	127	1	127	1.63e-91	255.0	517920	518303	NZ_AP021876.1	CRISPR-associated protein Csx16	GCF_009688985.1	NZ_AP021876.1	NZ_AP021876.1_prophage4	5717453.0	5733384.0	False	Siphoviridae	NZ_AP021876.1
WP_197743238.1	csx16	100.0	127	0	0	1	127	1	127	1.63e-91	255.0	517920	518303	NZ_AP021876.1	CRISPR-associated protein Csx16	GCF_009688985.1	NZ_AP021876.1	NZ_AP021876.1_prophage5	7730942.0	7745407.0	True	Unknown	NZ_AP021876.1
WP_047752353.1	csx20	29.2	449	279	16	1	422	1	437	9.35e-43	153.0	3624405	3625745	NZ_CP018058.1	TIGR02221 family CRISPR-associated protein	GCF_002243665.1							
WP_252663289.1	crn3	35.7	488	290	8	94	565	99	578	8.38e-75	254.0	128566	131142	NZ_CP098611.1	formylglycine-generating enzyme family protein	GCF_023983615.1							
WP_252663894.1	crn3	100.0	304	0	0	1	304	1	304	4.4599999999999985e-233	628.0	913913	914827	NZ_CP098611.1	CRISPR-associated ring nuclease Crn3/Csx3	GCF_023983615.1							
WP_261599488.1	crn3	100.0	100	0	0	1	100	1	100	3.27e-76	214.0	1356943	1357245	NZ_CP104550.1	CRISPR-associated ring nuclease Crn3/Csx3	GCF_025397995.1							
WP_321352784.1	crn1	56.0	248	104	3	1	248	5	247	1.2199999999999999e-98	283.0	2557396	2558142	NZ_OY781872.1	CRISPR-associated protein Csx14	GCF_963677065.1							
WP_273118861.1	crn2	100.0	105	0	0	1	105	1	105	9.200000000000001e-74	209.0	1878840	1879157	NZ_CP053675.1	DUF1874 domain-containing protein	GCF_013181395.1	NZ_CP053675.1	NZ_CP053675.1_prophage1	75731.0	82503.0	False	Myoviridae	NZ_CP053675.1
WP_273118861.1	crn2	100.0	105	0	0	1	105	1	105	9.200000000000001e-74	209.0	1878840	1879157	NZ_CP053675.1	DUF1874 domain-containing protein	GCF_013181395.1	NZ_CP053675.1	NZ_CP053675.1_prophage2	209880.0	218892.0	False	Unknown	NZ_CP053675.1
WP_273118861.1	crn2	100.0	105	0	0	1	105	1	105	9.200000000000001e-74	209.0	1878840	1879157	NZ_CP053675.1	DUF1874 domain-containing protein	GCF_013181395.1	NZ_CP053675.1	NZ_CP053675.1_prophage3	2080912.0	2087778.0	False	Unknown	NZ_CP053675.1
WP_325087774.1	csx16	63.8	94	34	0	1	94	1	94	9.079999999999999e-42	128.0	2598728	2599048	NZ_CP140708.1	CRISPR-associated protein Csx16	GCF_034555395.1							
WP_244784295.1	csx16	68.4	95	30	0	1	95	1	95	5.74e-46	138.0	2101277	2101567	NZ_CP091508.1	CRISPR-associated protein Csx16	GCF_022870865.1	NZ_CP091508.1	NZ_CP091508.1_prophage1	1020398.0	1064320.0	False	Myoviridae	NZ_CP091508.1
WP_244784295.1	csx16	68.4	95	30	0	1	95	1	95	5.74e-46	138.0	2101277	2101567	NZ_CP091508.1	CRISPR-associated protein Csx16	GCF_022870865.1	NZ_CP091508.1	NZ_CP091508.1_prophage2	2031660.0	2043218.0	False	Myoviridae / Siphoviridae	NZ_CP091508.1
WP_041623637.1	crn3	100.0	110	0	0	1	110	1	110	1.88e-82	231.0	7150409	7150741	NC_019729.1	CRISPR-associated ring nuclease Crn3/Csx3	GCF_000317475.1							
WP_014789784.1	crn3	100.0	101	0	0	1	101	1	101	2.8999999999999997e-75	212.0	1875940	1876245	NC_018015.1	CRISPR-associated ring nuclease Crn3/Csx3	GCF_000265525.1							
WP_021796948.1	crn5a	100.0	175	0	0	813	987	1	175	6.03e-118	353.0	153855	156818	NZ_CP033719.1	hypothetical protein	GCF_003798325.1	NZ_CP033719.1	NZ_CP033719.1_prophage1	120658.0	139455.0	False	Myoviridae / Siphoviridae	NZ_CP033719.1
WP_021796948.1	crn5a	100.0	175	0	0	813	987	1	175	6.03e-118	353.0	153855	156818	NZ_CP033719.1	hypothetical protein	GCF_003798325.1	NZ_CP033719.1	NZ_CP033719.1_prophage2	1758281.0	1767384.0	False	Siphoviridae	NZ_CP033719.1
WP_256871751.1	crn3	100.0	286	0	0	1	286	1	286	6.230000000000001e-215	580.0	5881106	5881966	NZ_CP040297.1	CRISPR-associated ring nuclease Crn3/Csx3	GCF_013393945.1							
WP_015733297.1	csx20	33.5	448	254	12	5	418	7	444	6.18e-65	213.0	1205747	1207009	NC_013407.1	TIGR02221 family CRISPR-associated protein	GCF_000024625.1							
WP_095565651.1	crn5b	100.0	124	0	0	1	124	1	124	8.48e-88	246.0	3899555	3899929	NZ_CP022961.1	hypothetical protein	GCF_002285795.1	NZ_CP022961.1	NZ_CP022961.1_prophage1	3520058.0	3535834.0	True	Siphoviridae	NZ_CP022961.1
WP_069283354.1	crn1	100.0	178	0	0	1	178	1	178	7.72e-126	346.0	1585411	1585947	NZ_CP017006.1	CRISPR-associated ring nuclease Crn1	GCF_001719125.1							
WP_069284477.1	crn1	100.0	177	0	0	1	177	1	177	2.6e-128	352.0	2656700	2657233	NZ_CP017006.1	CRISPR-associated ring nuclease Crn1	GCF_001719125.1							
WP_021672593.1	csx20	61.9	118	45	0	1	118	1	118	9.01e-53	157.0	1304305	1304661	NZ_CP072360.1	hypothetical protein	GCF_018128065.1	NZ_CP072359.1	NZ_CP072359.1_prophage1	99582.0	103388.0	False	Unknown	NZ_CP072359.1
WP_021672593.1	csx20	61.9	118	45	0	1	118	1	118	9.01e-53	157.0	1304305	1304661	NZ_CP072360.1	hypothetical protein	GCF_018128065.1	NZ_CP072359.1	NZ_CP072359.1_prophage2	310125.0	318265.0	False	Myoviridae	NZ_CP072359.1
WP_021672594.1	csx20	31.4	436	255	13	1	408	1	420	4.89e-53	181.0	1302996	1304324	NZ_CP072360.1	TIGR02221 family CRISPR-associated protein	GCF_018128065.1	NZ_CP072359.1	NZ_CP072359.1_prophage1	99582.0	103388.0	False	Unknown	NZ_CP072359.1
WP_021672594.1	csx20	31.4	436	255	13	1	408	1	420	4.89e-53	181.0	1302996	1304324	NZ_CP072360.1	TIGR02221 family CRISPR-associated protein	GCF_018128065.1	NZ_CP072359.1	NZ_CP072359.1_prophage2	310125.0	318265.0	False	Myoviridae	NZ_CP072359.1
WP_148690328.1	crn1	100.0	176	0	0	1	176	1	176	5.67e-127	349.0	39496	40026	NZ_CP020477.1	CRISPR-associated ring nuclease Crn1	GCF_002116695.1	NZ_CP020477.1	NZ_CP020477.1_prophage1	2023072.0	2032242.0	False	Fuselloviridae	NZ_CP020477.1
WP_148692715.1	crn1	100.0	179	0	0	1	179	1	179	2.5900000000000004e-129	355.0	2594520	2595059	NZ_CP020477.1	CRISPR-associated ring nuclease Crn1	GCF_002116695.1	NZ_CP020477.1	NZ_CP020477.1_prophage1	2023072.0	2032242.0	False	Fuselloviridae	NZ_CP020477.1
WP_281751776.1	csx16	100.0	534	0	0	1	534	1	534	0.0	1061.0	543767	545371	NZ_AP027130.1	CRISPR-associated protein Csx16	GCF_027925145.1							
WP_281751789.1	csx16	56.4	436	175	6	1	425	1	432	7.88e-161	474.0	551658	553013	NZ_AP027130.1	type III-B CRISPR module RAMP protein Cmr6	GCF_027925145.1							
WP_025839846.1	csx20	62.7	118	44	0	1	118	1	118	6.3499999999999995e-53	157.0	341626	341982	NZ_CP072389.1	hypothetical protein	GCF_018127785.1	NZ_CP072390.1	NZ_CP072390.1_prophage1	742888.0	756680.0	False	Unknown	NZ_CP072390.1
WP_025839847.1	csx20	32.3	458	264	17	1	428	1	442	3.5500000000000004e-57	192.0	341963	343291	NZ_CP072389.1	TIGR02221 family CRISPR-associated protein	GCF_018127785.1	NZ_CP072390.1	NZ_CP072390.1_prophage1	742888.0	756680.0	False	Unknown	NZ_CP072390.1
WP_229569079.1	crn1	100.0	177	0	0	1	177	1	177	3.69e-128	352.0	1567937	1568470	NZ_AP025226.1	CRISPR-associated ring nuclease Crn1	GCF_020886315.1							
WP_229572340.1	crn1	100.0	178	0	0	1	178	1	178	5.4299999999999996e-126	347.0	1332506	1333042	NZ_AP025226.1	CRISPR-associated ring nuclease Crn1	GCF_020886315.1							
WP_153422970.1	crn1	100.0	178	0	0	1	178	1	178	6.09e-123	339.0	2126883	2127419	NZ_CP045706.1	CRISPR-associated ring nuclease Crn1	GCF_009602405.1							
WP_012710935.1	crn1	100.0	177	0	0	1	177	1	177	1.2399999999999999e-126	348.0	823004	823537	NC_012588.1	CRISPR-associated ring nuclease Crn1	GCF_000022405.1	NC_012588.1	NC_012588.1_prophage1	1682045.0	1691253.0	False	Fuselloviridae	NC_012588.1
WP_046333286.1	csx16	63.2	95	35	0	1	95	1	95	2.64e-44	134.0	832706	832996	NZ_CP097607.1	CRISPR-associated protein Csx16	GCF_023572945.1	NZ_CP097607.1	NZ_CP097607.1_prophage1	2196465.0	2208060.0	False	Siphoviridae	NZ_CP097607.1
WP_018450067.1	csx20	32.2	429	232	14	7	387	3	420	1.83e-44	157.0	1022967	1024247	NZ_AP019827.1	TIGR02221 family CRISPR-associated protein	GCF_008327825.1	NZ_AP019827.1	NZ_AP019827.1_prophage1	798573.0	815199.0	False	Myoviridae	NZ_AP019827.1
WP_129889548.1	csx15	55.6	126	55	1	1	125	1	126	2.5e-44	136.0	5008046	5008423	NZ_CP035758.1	CRISPR-associated protein Csx15	GCF_004208415.1							
WP_309555596.1	csx20	56.9	116	50	0	1	116	1	116	6.55e-41	127.0	58919	59278	NZ_CP133672.1	CRISPR-associated protein	GCF_031326345.1	NZ_CP133672.1	NZ_CP133672.1_prophage1	18490.0	26559.0	True	Myoviridae	NZ_CP133672.1
WP_122040769.1	csx16	100.0	96	0	0	1	96	1	96	8.910000000000001e-70	198.0	3276312	3276602	NZ_CP022089.2	CRISPR-associated protein Csx16	GCF_002209245.2							
WP_224344074.1	crn3	100.0	321	0	0	1	321	1	321	4.01e-240	647.0	1890677	1891642	NZ_CP083582.1	CRISPR-associated ring nuclease Crn3/Csx3	GCF_020091585.1	NZ_CP083582.1	NZ_CP083582.1_prophage1	790162.0	799852.0	False	Myoviridae	NZ_CP083582.1
WP_224344075.1	crn3	100.0	108	0	0	1	108	1	108	6.86e-84	234.0	1891662	1891988	NZ_CP083582.1	CRISPR-associated ring nuclease Crn3/Csx3	GCF_020091585.1	NZ_CP083582.1	NZ_CP083582.1_prophage1	790162.0	799852.0	False	Myoviridae	NZ_CP083582.1
WP_251971873.1	csx16	100.0	104	0	0	1	104	1	104	1.48e-74	211.0	639222	639536	NZ_AP025730.1	CRISPR-associated protein Csx16	GCF_023734135.1	NZ_AP025730.1	NZ_AP025730.1_prophage1	170769.0	181533.0	True	Siphoviridae	NZ_AP025730.1
WP_251971873.1	csx16	100.0	104	0	0	1	104	1	104	1.48e-74	211.0	639222	639536	NZ_AP025730.1	CRISPR-associated protein Csx16	GCF_023734135.1	NZ_AP025730.1	NZ_AP025730.1_prophage2	1941664.0	1944315.0	False	Myoviridae	NZ_AP025730.1
WP_251971873.1	csx16	100.0	104	0	0	1	104	1	104	1.48e-74	211.0	639222	639536	NZ_AP025730.1	CRISPR-associated protein Csx16	GCF_023734135.1	NZ_AP025730.1	NZ_AP025730.1_prophage3	3358621.0	3372883.0	False	Myoviridae	NZ_AP025730.1
WP_251971873.1	csx16	100.0	104	0	0	1	104	1	104	1.48e-74	211.0	639222	639536	NZ_AP025730.1	CRISPR-associated protein Csx16	GCF_023734135.1	NZ_AP025730.1	NZ_AP025730.1_prophage4	3685781.0	3696758.0	False	Unknown	NZ_AP025730.1
WP_068576527.1	crn3	100.0	99	0	0	1	99	1	99	1.2e-73	208.0	522522	522821	NZ_CP015193.1	CRISPR-associated ring nuclease Crn3/Csx3	GCF_002214605.1							
WP_048042233.1	crn3	100.0	96	0	0	1	96	1	96	2.65e-71	202.0	3308151	3308441	NZ_CP009514.1	CRISPR-associated ring nuclease Crn3/Csx3	GCF_000970245.1							
WP_009052468.1	csx20	29.8	423	265	11	5	403	6	420	1.85e-53	182.0	1858210	1859499	NC_010320.1	TIGR02221 family CRISPR-associated protein	GCF_000019065.1	NC_010320.1	NC_010320.1_prophage1	1272866.0	1309240.0	False	Siphoviridae	NC_010320.1
WP_202718410.1	csx16	100.0	96	0	0	1	96	1	96	3.1e-70	199.0	517689	517979	NZ_CP133197.1	CRISPR-associated protein Csx16	GCF_030931015.1	NZ_CP133197.1	NZ_CP133197.1_prophage1	2641280.0	2646436.0	False	Myoviridae	NZ_CP133197.1
WP_308874163.1	csx16	54.4	423	156	9	1	389	1	420	7.23e-140	404.0	511327	512499	NZ_CP133197.1	TM1812 family CRISPR-associated protein	GCF_030931015.1	NZ_CP133197.1	NZ_CP133197.1_prophage1	2641280.0	2646436.0	False	Myoviridae	NZ_CP133197.1
WP_152484452.1	csx16	100.0	96	0	0	1	96	1	96	4.4100000000000005e-70	199.0	2882339	2882629	NZ_CP045417.1	CRISPR-associated protein Csx16	GCF_009363755.1	NZ_CP045417.1	NZ_CP045417.1_prophage1	1130212.0	1134114.0	False	Siphoviridae	NZ_CP045417.1
WP_152484452.1	csx16	100.0	96	0	0	1	96	1	96	4.4100000000000005e-70	199.0	2882339	2882629	NZ_CP045417.1	CRISPR-associated protein Csx16	GCF_009363755.1	NZ_CP045417.1	NZ_CP045417.1_prophage2	1403958.0	1434708.0	False	Siphoviridae	NZ_CP045417.1
WP_152484452.1	csx16	100.0	96	0	0	1	96	1	96	4.4100000000000005e-70	199.0	2882339	2882629	NZ_CP045417.1	CRISPR-associated protein Csx16	GCF_009363755.1	NZ_CP045417.1	NZ_CP045417.1_prophage3	1775155.0	1787442.0	False	Myoviridae / Siphoviridae / Fuselloviridae	NZ_CP045417.1
WP_147003550.1	csx20	31.2	436	228	14	7	388	3	420	2.26e-42	152.0	1107371	1108654	NZ_AP019841.1	TIGR02221 family CRISPR-associated protein	GCF_007990445.1							
WP_169603720.1	csx16	36.8	307	186	5	6	307	25	328	2.17e-52	173.0	2363658	2364650	NZ_CP046565.1	CRISPR system precrRNA processing endoribonuclease RAMP protein Cas6	GCF_012769535.1	NZ_CP046565.1	NZ_CP046565.1_prophage1	8392.0	14236.0	True	Unknown	NZ_CP046565.1
WP_169603720.1	csx16	36.8	307	186	5	6	307	25	328	2.17e-52	173.0	2363658	2364650	NZ_CP046565.1	CRISPR system precrRNA processing endoribonuclease RAMP protein Cas6	GCF_012769535.1	NZ_CP046565.1	NZ_CP046565.1_prophage2	932615.0	942864.0	False	Myoviridae	NZ_CP046565.1
WP_228719827.1	csx16	100.0	105	0	0	1	105	1	105	3.33e-76	215.0	2372966	2373283	NZ_CP046565.1	CRISPR-associated protein Csx16	GCF_012769535.1	NZ_CP046565.1	NZ_CP046565.1_prophage1	8392.0	14236.0	True	Unknown	NZ_CP046565.1
WP_228719827.1	csx16	100.0	105	0	0	1	105	1	105	3.33e-76	215.0	2372966	2373283	NZ_CP046565.1	CRISPR-associated protein Csx16	GCF_012769535.1	NZ_CP046565.1	NZ_CP046565.1_prophage2	932615.0	942864.0	False	Myoviridae	NZ_CP046565.1
WP_003514114.1	csx20	27.7	618	380	17	4	608	6	569	4.12e-53	186.0	3208217	3210049	NZ_CP016502.1	CRISPR-associated protein Csx20	GCF_001692755.1	NZ_CP016502.1	NZ_CP016502.1_prophage1	1324831.0	1333151.0	False	Unknown	NZ_CP016502.1
WP_003514114.1	csx20	27.7	618	380	17	4	608	6	569	4.12e-53	186.0	3208217	3210049	NZ_CP016502.1	CRISPR-associated protein Csx20	GCF_001692755.1	NZ_CP016502.1	NZ_CP016502.1_prophage2	2793353.0	2826016.0	True	Siphoviridae	NZ_CP016502.1
WP_272620386.1	csx20	89.2	120	13	0	1	120	1	120	2.2e-79	224.0	873153	873515	NZ_CP116808.1	CRISPR-associated protein	GCF_028464065.1							
WP_013275355.1	crn3	100.0	94	0	0	1	94	1	94	2.7800000000000003e-72	204.0	541217	541501	NC_014377.1	CRISPR-associated ring nuclease Crn3/Csx3	GCF_000144645.1	NC_014377.1	NC_014377.1_prophage1	1247789.0	1261512.0	False	Siphoviridae	NC_014377.1
WP_013275355.1	crn3	100.0	94	0	0	1	94	1	94	2.7800000000000003e-72	204.0	541217	541501	NC_014377.1	CRISPR-associated ring nuclease Crn3/Csx3	GCF_000144645.1	NC_014377.1	NC_014377.1_prophage2	1957221.0	1969945.0	False	Siphoviridae	NC_014377.1
WP_302507611.1	csx16	96.9	97	3	0	1	97	1	97	1.65e-70	200.0	1634873	1635166	NZ_CP103874.1	CRISPR-associated protein Csx16	GCF_030517085.1	NZ_CP103874.1	NZ_CP103874.1_prophage1	1246703.0	1286898.0	False	Myoviridae	NZ_CP103874.1
WP_302507611.1	csx16	96.9	97	3	0	1	97	1	97	1.65e-70	200.0	1634873	1635166	NZ_CP103874.1	CRISPR-associated protein Csx16	GCF_030517085.1	NZ_CP103874.1	NZ_CP103874.1_prophage2	1292656.0	1299673.0	False	Myoviridae	NZ_CP103874.1
WP_120176697.1	csx16	100.0	99	0	0	1	99	1	99	1.91e-70	200.0	1151174	1151473	NZ_AP018786.1	CRISPR-associated protein Csx16	GCF_003609995.1							
WP_010879357.1	crn3	100.0	104	0	0	1	104	1	104	1.26e-75	213.0	1675227	1675541	NC_000917.1	CRISPR-associated ring nuclease Crn3/Csx3	GCF_000008665.1							
WP_013299040.1	csx20	31.6	430	260	11	5	410	6	425	2.71e-56	190.0	2661253	2662548	NC_014410.1	TIGR02221 family CRISPR-associated protein	GCF_000145615.1	NC_014410.1	NC_014410.1_prophage1	808507.0	837120.0	True	Siphoviridae	NC_014410.1
WP_225892678.1	crn3	37.0	567	292	14	3	542	4	532	2.08e-93	305.0	209859	212501	NZ_CP045227.1	SAV_2336 N-terminal domain-related protein	GCF_009372195.1							
WP_197743238.1	csx16	100.0	127	0	0	1	127	1	127	1.63e-91	255.0	446279	446662	NZ_AP021879.1	CRISPR-associated protein Csx16	GCF_009689005.1	NZ_AP021879.1	NZ_AP021879.1_prophage1	894553.0	913075.0	True	Unknown	NZ_AP021879.1
WP_197743238.1	csx16	100.0	127	0	0	1	127	1	127	1.63e-91	255.0	446279	446662	NZ_AP021879.1	CRISPR-associated protein Csx16	GCF_009689005.1	NZ_AP021879.1	NZ_AP021879.1_prophage2	2974134.0	2988765.0	False	Myoviridae	NZ_AP021879.1
WP_197743238.1	csx16	100.0	127	0	0	1	127	1	127	1.63e-91	255.0	446279	446662	NZ_AP021879.1	CRISPR-associated protein Csx16	GCF_009689005.1	NZ_AP021879.1	NZ_AP021879.1_prophage3	3406698.0	3475794.0	True	Myoviridae	NZ_AP021879.1
WP_197743238.1	csx16	100.0	127	0	0	1	127	1	127	1.63e-91	255.0	446279	446662	NZ_AP021879.1	CRISPR-associated protein Csx16	GCF_009689005.1	NZ_AP021879.1	NZ_AP021879.1_prophage4	5957281.0	5992172.0	True	Myoviridae	NZ_AP021879.1
WP_237564169.1	crn5a	100.0	149	0	0	1	149	1	149	1.86e-112	310.0	2704139	2704588	NZ_CP025249.1	hypothetical protein	GCF_009930875.1	NZ_CP025249.1	NZ_CP025249.1_prophage1	367577.0	371029.0	False	Siphoviridae	NZ_CP025249.1
WP_237564169.1	crn5a	100.0	149	0	0	1	149	1	149	1.86e-112	310.0	2704139	2704588	NZ_CP025249.1	hypothetical protein	GCF_009930875.1	NZ_CP025249.1	NZ_CP025249.1_prophage2	1569680.0	1596395.0	False	Siphoviridae	NZ_CP025249.1
WP_237564169.1	crn5a	100.0	149	0	0	1	149	1	149	1.86e-112	310.0	2704139	2704588	NZ_CP025249.1	hypothetical protein	GCF_009930875.1	NZ_CP025249.1	NZ_CP025249.1_prophage3	2793190.0	2797052.0	False	Siphoviridae	NZ_CP025249.1
WP_237564169.1	crn5a	100.0	149	0	0	1	149	1	149	1.86e-112	310.0	2704139	2704588	NZ_CP025249.1	hypothetical protein	GCF_009930875.1	NZ_CP025249.1	NZ_CP025249.1_prophage4	2915423.0	2937158.0	False	Siphoviridae	NZ_CP025249.1
WP_237564169.1	crn5a	100.0	149	0	0	1	149	1	149	1.86e-112	310.0	2704139	2704588	NZ_CP025249.1	hypothetical protein	GCF_009930875.1	NZ_CP025249.1	NZ_CP025249.1_prophage5	2941784.0	2945882.0	False	Unknown	NZ_CP025249.1
WP_009148099.1	csx16	45.2	374	130	8	1	304	1	369	1.77e-85	275.0	4588526	4589830	NZ_CP121471.1	type III-B CRISPR module RAMP protein Cmr6	GCF_033954835.1	NZ_CP121471.1	NZ_CP121471.1_prophage1	3595367.0	3597704.0	False	Unknown	NZ_CP121471.1
WP_009148099.1	csx16	45.2	374	130	8	1	304	1	369	1.77e-85	275.0	4588526	4589830	NZ_CP121471.1	type III-B CRISPR module RAMP protein Cmr6	GCF_033954835.1	NZ_CP121471.1	NZ_CP121471.1_prophage2	4116764.0	4123320.0	False	Unknown	NZ_CP121471.1
WP_068320308.1	crn3	100.0	99	0	0	1	99	1	99	1.64e-71	202.0	275767	276066	NZ_CP010835.1	CRISPR-associated ring nuclease Crn3/Csx3	GCF_001577775.1							
WP_013905544.1	crn3	100.0	103	0	0	1	103	1	103	2.1e-78	220.0	703839	704150	NC_015680.1	CRISPR-associated ring nuclease Crn3/Csx3	GCF_000215995.1	NC_015680.1	NC_015680.1_prophage1	1434807.0	1447056.0	False	Myoviridae	NC_015680.1
WP_085364823.1	csx16	70.5	95	28	0	1	95	1	95	2.96e-48	144.0	1122079	1122369	NZ_CP059570.1	CRISPR-associated protein Csx16	GCF_014055005.1	NZ_CP059570.1	NZ_CP059570.1_prophage1	1491738.0	1500080.0	False	Unknown	NZ_CP059570.1
WP_211868595.1	csx16	100.0	95	0	0	1	95	1	95	2.89e-70	199.0	1740556	1740843	NZ_CP047240.1	CRISPR-associated protein Csx16	GCF_018141365.1	NZ_CP047240.1	NZ_CP047240.1_prophage1	2631283.0	2649556.0	False	Myoviridae	NZ_CP047240.1
WP_041427616.1	csx15	45.2	126	69	0	1	126	1	126	4.16e-41	128.0	2889095	2889475	NC_008346.1	CRISPR-associated protein Csx15	GCF_000014725.1							
WP_012548748.1	crn3	100.0	101	0	0	1	101	1	101	3.4e-74	209.0	197974	198279	NC_011297.1	CRISPR-associated ring nuclease Crn3/Csx3	GCF_000020965.1							
WP_270099900.1	csx20	100.0	120	0	0	1	120	1	120	3e-86	241.0	889836	890198	NZ_CP110854.1	CRISPR-associated protein	GCF_027594745.1							
WP_049686061.1	csx15	52.4	126	60	0	1	126	1	126	6.52e-49	148.0	2291787	2292173	NZ_CP009170.1	CRISPR-associated protein Csx15	GCF_000763575.1							
WP_236617275.1	crn1	46.4	280	147	2	28	306	20	297	2.13e-90	266.0	2292196	2293134	NZ_CP009170.1	CRISPR-associated protein Csx14	GCF_000763575.1							
WP_011026657.1	csx15	55.6	126	56	0	1	126	1	126	8.97e-50	150.0	2563735	2564115	NC_003869.1	CRISPR-associated protein Csx15	GCF_000007085.1							
WP_011026658.1	crn1	47.5	280	144	2	14	292	20	297	4.6e-93	273.0	2564144	2565034	NC_003869.1	CRISPR-associated protein Csx14	GCF_000007085.1							
WP_126450463.1	crn1	100.0	179	0	0	1	179	1	179	2.39e-125	345.0	1632753	1633292	NZ_AP018553.1	CRISPR-associated ring nuclease Crn1	GCF_003967175.1							
WP_015358044.1	csx20	26.8	623	370	20	4	599	6	569	4.65e-48	171.0	354552	356357	NC_020134.1	CRISPR-associated protein Csx20	GCF_000331995.1	NC_020134.1	NC_020134.1_prophage1	420178.0	457160.0	True	Myoviridae	NC_020134.1
WP_066098874.1	crn2	64.5	107	38	0	1	107	23	129	1.36e-47	144.0	890688	891065	NZ_CP016027.1	DUF1874 domain-containing protein	GCF_001663815.1	NZ_CP016027.1	NZ_CP016027.1_prophage1	86360.0	119471.0	False	Siphoviridae	NZ_CP016027.1
WP_286291168.1	csx16	100.0	108	0	0	1	108	1	108	1.06e-78	221.0	1345466	1345792	NZ_AP024718.1	CRISPR-associated protein Csx16	GCF_030294985.1	NZ_AP024718.1	NZ_AP024718.1_prophage1	884537.0	892410.0	True	Unknown	NZ_AP024718.1
WP_286291175.1	csx16	35.9	312	189	6	6	313	25	329	2.14e-51	170.0	1349646	1350596	NZ_AP024718.1	CRISPR system precrRNA processing endoribonuclease RAMP protein Cas6	GCF_030294985.1	NZ_AP024718.1	NZ_AP024718.1_prophage1	884537.0	892410.0	True	Unknown	NZ_AP024718.1
WP_100919915.1	crn2	100.0	106	0	0	1	106	1	106	3.32e-72	205.0	3671978	3672298	NZ_CP020370.1	DUF1874 domain-containing protein	GCF_002813775.1	NZ_CP020370.1	NZ_CP020370.1_prophage1	2664564.0	2675134.0	False	Unknown	NZ_CP020370.1
WP_100919915.1	crn2	100.0	106	0	0	1	106	1	106	3.32e-72	205.0	3671978	3672298	NZ_CP020370.1	DUF1874 domain-containing protein	GCF_002813775.1	NZ_CP020370.1	NZ_CP020370.1_prophage2	3686324.0	3703770.0	False	Myoviridae	NZ_CP020370.1
WP_100919915.1	crn2	100.0	106	0	0	1	106	1	106	3.32e-72	205.0	3671978	3672298	NZ_CP020370.1	DUF1874 domain-containing protein	GCF_002813775.1	NZ_CP020371.1	NZ_CP020371.1_prophage1	202389.0	213871.0	False	Unknown	NZ_CP020371.1
WP_015051495.1	csx15	57.9	126	53	0	1	126	1	126	1.4799999999999999e-55	164.0	2483154	2483534	NC_018870.1	CRISPR-associated protein Csx15	GCF_000305935.1	NC_018870.1	NC_018870.1_prophage1	801825.0	807407.0	True	Unknown	NC_018870.1
WP_015051495.1	csx15	57.9	126	53	0	1	126	1	126	1.4799999999999999e-55	164.0	2483154	2483534	NC_018870.1	CRISPR-associated protein Csx15	GCF_000305935.1	NC_018870.1	NC_018870.1_prophage2	2329009.0	2367354.0	True	Siphoviridae	NC_018870.1
WP_236608795.1	crn1	54.2	277	127	0	12	288	21	297	3.27e-105	303.0	2484453	2485337	NC_018870.1	CRISPR-associated ring nuclease	GCF_000305935.1	NC_018870.1	NC_018870.1_prophage1	801825.0	807407.0	True	Unknown	NC_018870.1
WP_236608795.1	crn1	54.2	277	127	0	12	288	21	297	3.27e-105	303.0	2484453	2485337	NC_018870.1	CRISPR-associated ring nuclease	GCF_000305935.1	NC_018870.1	NC_018870.1_prophage2	2329009.0	2367354.0	True	Siphoviridae	NC_018870.1
WP_122934714.1	csx20	39.7	438	250	9	1	433	1	429	7.6e-97	297.0	54444	55817	NZ_CP031032.1	TIGR02221 family CRISPR-associated protein	GCF_003711225.1							
WP_122934715.1	csx20	100.0	115	0	0	1	115	1	115	2.33e-83	234.0	55798	56145	NZ_CP031032.1	CRISPR-associated protein	GCF_003711225.1							
WP_053538945.1	crn3	35.4	457	268	9	95	542	94	532	4.37e-62	218.0	2368026	2370668	NZ_CP011456.1	formylglycine-generating enzyme family protein	GCF_001277295.1							
WP_161541092.1	crn1	38.6	277	163	6	12	287	24	294	2.25e-45	150.0	1705909	1706826	NZ_AP019797.1	CRISPR-associated ring nuclease	GCF_009936275.1							
WP_161541095.1	csx16	35.3	295	163	9	6	279	1	288	7.109999999999998e-42	145.0	1711825	1712673	NZ_AP019797.1	TIGR02221 family CRISPR-associated protein	GCF_009936275.1							
WP_161541097.1	csx20	88.5	130	15	0	1	130	1	130	1.81e-85	240.0	1714259	1714651	NZ_AP019797.1	CRISPR-associated protein	GCF_009936275.1							
WP_012302896.1	csx15	44.1	311	157	8	3	301	11	316	1.5e-75	229.0	1928930	1929844	NC_010424.1	CRISPR-associated protein Csx15	GCF_000018425.1	NC_010424.1	NC_010424.1_prophage1	801027.0	826849.0	True	Myoviridae / Siphoviridae	NC_010424.1
WP_012302897.1	csx15	64.3	126	45	0	1	126	1	126	3.2700000000000002e-59	174.0	1930023	1930403	NC_010424.1	CRISPR-associated protein Csx15	GCF_000018425.1	NC_010424.1	NC_010424.1_prophage1	801027.0	826849.0	True	Myoviridae / Siphoviridae	NC_010424.1
WP_166485173.1	crn1	54.4	274	125	0	18	291	24	297	6.85e-103	298.0	1930594	1931487	NC_010424.1	CRISPR-associated ring nuclease	GCF_000018425.1	NC_010424.1	NC_010424.1_prophage1	801027.0	826849.0	True	Myoviridae / Siphoviridae	NC_010424.1
WP_087037997.1	csx16	100.0	97	0	0	1	97	1	97	7.89e-69	196.0	2951787	2952080	NZ_CP021377.1	CRISPR-associated protein Csx16	GCF_002157895.1							
WP_014587245.1	crn3	100.0	102	0	0	1	102	1	102	6.080000000000001e-73	206.0	1833899	1834207	NC_017527.1	CRISPR-associated ring nuclease Crn3/Csx3	GCF_000235565.1							
WP_168065160.1	crn1	100.0	184	0	0	1	184	1	184	2.19e-128	353.0	1539188	1539742	NZ_CP035730.1	CRISPR-associated ring nuclease Crn1	GCF_012222305.1							
WP_036366572.1	csx16	100.0	102	0	0	1	102	1	102	5.19e-74	209.0	464454	464762	NZ_CP011381.2	CRISPR-associated protein Csx16	GCF_000988745.2							
WP_014560065.1	csx20	32.2	447	280	8	3	432	4	444	6.99e-71	229.0	1369585	1370925	NC_017464.1	TIGR02221 family CRISPR-associated protein	GCF_000258405.1	NC_017464.1	NC_017464.1_prophage1	88200.0	101737.0	False	Siphoviridae	NC_017464.1
WP_014560066.1	csx20	100.0	121	0	0	1	121	1	121	5.16e-83	233.0	1370891	1371256	NC_017464.1	hypothetical protein	GCF_000258405.1	NC_017464.1	NC_017464.1_prophage1	88200.0	101737.0	False	Siphoviridae	NC_017464.1
WP_013799388.1	csx20	28.4	457	267	14	1	414	1	440	9.6e-42	150.0	1257048	1258310	NC_015562.1	TIGR02221 family CRISPR-associated protein	GCF_000214415.1							
WP_241209822.1	crn1	100.0	268	0	0	1	268	1	268	2.4000000000000002e-194	527.0	981020	981826	NC_013926.1	CRISPR-associated protein Csx14	GCF_000025665.1							
WP_218257792.1	crn1	100.0	177	0	0	1	177	1	177	8.7e-127	348.0	1489232	1489765	NZ_CP077713.1	CRISPR-associated ring nuclease Crn1	GCF_019175305.1							
WP_218258236.1	crn1	100.0	178	0	0	1	178	1	178	6.09e-123	339.0	2038075	2038611	NZ_CP077713.1	CRISPR-associated ring nuclease Crn1	GCF_019175305.1							
WP_013566335.1	csx15	54.0	126	58	0	1	126	1	126	4.1e-48	145.0	5110630	5111010	NC_014962.1	CRISPR-associated protein Csx15	GCF_000186345.1	NC_014962.1	NC_014962.1_prophage1	3537549.0	3557118.0	False	Myoviridae / Siphoviridae / Podoviridae	NC_014962.1
WP_013566335.1	csx15	54.0	126	58	0	1	126	1	126	4.1e-48	145.0	5110630	5111010	NC_014962.1	CRISPR-associated protein Csx15	GCF_000186345.1	NC_014962.1	NC_014962.1_prophage2	4112247.0	4138645.0	False	Unknown	NC_014962.1
WP_148259922.1	csx16	41.0	383	210	10	18	395	1	372	1.72e-92	282.0	5111014	5112267	NC_014962.1	TM1812 family CRISPR-associated protein	GCF_000186345.1	NC_014962.1	NC_014962.1_prophage1	3537549.0	3557118.0	False	Myoviridae / Siphoviridae / Podoviridae	NC_014962.1
WP_148259922.1	csx16	41.0	383	210	10	18	395	1	372	1.72e-92	282.0	5111014	5112267	NC_014962.1	TM1812 family CRISPR-associated protein	GCF_000186345.1	NC_014962.1	NC_014962.1_prophage2	4112247.0	4138645.0	False	Unknown	NC_014962.1
WP_011176857.1	crn1	100.0	250	0	0	1	250	1	250	1.37e-175	478.0	62769	63521	NC_005877.1	CRISPR-associated protein Csx14	GCF_000008265.1							
WP_052449066.1	csx20	27.7	426	287	7	1	408	1	423	1.99e-44	157.0	210337	211629	NZ_AP013044.1	TIGR02221 family CRISPR-associated protein	GCF_001547875.1	NZ_AP013044.1	NZ_AP013044.1_prophage1	2443446.0	2449187.0	False	Unknown	NZ_AP013044.1
WP_052449066.1	csx20	27.7	426	287	7	1	408	1	423	1.99e-44	157.0	210337	211629	NZ_AP013044.1	TIGR02221 family CRISPR-associated protein	GCF_001547875.1	NZ_AP013044.1	NZ_AP013044.1_prophage2	3196795.0	3202561.0	False	Unknown	NZ_AP013044.1
WP_052449066.1	csx20	27.7	426	287	7	1	408	1	423	1.99e-44	157.0	210337	211629	NZ_AP013044.1	TIGR02221 family CRISPR-associated protein	GCF_001547875.1	NZ_AP013044.1	NZ_AP013044.1_prophage3	3210197.0	3212172.0	False	Unknown	NZ_AP013044.1
WP_197653741.1	csx20	54.5	121	54	1	11	131	1	120	5.100000000000001e-47	143.0	211613	212008	NZ_AP013044.1	CRISPR-associated protein	GCF_001547875.1	NZ_AP013044.1	NZ_AP013044.1_prophage1	2443446.0	2449187.0	False	Unknown	NZ_AP013044.1
WP_197653741.1	csx20	54.5	121	54	1	11	131	1	120	5.100000000000001e-47	143.0	211613	212008	NZ_AP013044.1	CRISPR-associated protein	GCF_001547875.1	NZ_AP013044.1	NZ_AP013044.1_prophage2	3196795.0	3202561.0	False	Unknown	NZ_AP013044.1
WP_197653741.1	csx20	54.5	121	54	1	11	131	1	120	5.100000000000001e-47	143.0	211613	212008	NZ_AP013044.1	CRISPR-associated protein	GCF_001547875.1	NZ_AP013044.1	NZ_AP013044.1_prophage3	3210197.0	3212172.0	False	Unknown	NZ_AP013044.1
WP_202213538.1	crn3	100.0	311	0	0	1	311	1	311	3.0099999999999997e-230	621.0	763618	764553	NZ_LR797830.1	CRISPR-associated ring nuclease Crn3/Csx3	GCF_903064525.1	NZ_LR797830.1	NZ_LR797830.1_prophage1	1524983.0	1527291.0	True	Unknown	NZ_LR797830.1
WP_202213538.1	crn3	100.0	311	0	0	1	311	1	311	3.0099999999999997e-230	621.0	763618	764553	NZ_LR797830.1	CRISPR-associated ring nuclease Crn3/Csx3	GCF_903064525.1	NZ_LR797830.1	NZ_LR797830.1_prophage2	1568782.0	1582588.0	True	Myoviridae	NZ_LR797830.1
WP_236750821.1	crn1	100.0	173	0	0	1	173	1	173	3.05e-125	344.0	1516561	1517082	NZ_AP025245.1	CRISPR-associated ring nuclease Crn1	GCF_021655615.1							
WP_236752971.1	crn1	100.0	178	0	0	1	178	1	178	1.5600000000000002e-125	345.0	846720	847256	NZ_AP025245.1	CRISPR-associated ring nuclease Crn1	GCF_021655615.1							
WP_012845309.1	csx16	32.0	409	217	11	5	397	458	821	1.4200000000000001e-43	157.0	63543	64823	NC_015970.1	TIGR02221 family CRISPR-associated protein	GCF_000224745.1							
WP_012845310.1	csx20	100.0	130	0	0	1	130	1	130	5.83e-100	277.0	64804	65196	NC_015970.1	hypothetical protein	GCF_000224745.1							
WP_014072540.1	crn1	39.0	277	162	5	12	287	24	294	3.38e-47	155.0	57219	58124	NC_015970.1	CRISPR-associated ring nuclease	GCF_000224745.1							
WP_206863802.1	crn3	100.0	311	0	0	1	311	1	311	4.46e-232	626.0	2283157	2284092	NZ_CP066203.1	CRISPR-associated ring nuclease Crn3/Csx3	GCF_017310545.1	NZ_CP066203.1	NZ_CP066203.1_prophage1	2323847.0	2329889.0	True	Siphoviridae	NZ_CP066203.1
WP_014432494.1	csx15	65.0	123	43	0	1	123	1	123	7.34e-53	158.0	1532956	1533336	NC_017079.1	CRISPR-associated protein Csx15	GCF_000281175.1	NC_017079.1	NC_017079.1_prophage1	5096041.0	5104190.0	False	Myoviridae	NC_017079.1
WP_014434565.1	csx15	67.5	126	41	0	7	132	1	126	1.92e-62	182.0	4126844	4127245	NC_017079.1	CRISPR-associated protein Csx15	GCF_000281175.1	NC_017079.1	NC_017079.1_prophage1	5096041.0	5104190.0	False	Myoviridae	NC_017079.1
WP_041639896.1	csx16	100.0	96	0	0	1	96	1	96	1.27e-69	197.0	1635837	1636127	NC_006300.1	CRISPR-associated protein Csx16	GCF_000007745.1	NC_006300.1	NC_006300.1_prophage1	73055.0	100127.0	False	Myoviridae	NC_006300.1
WP_041639896.1	csx16	100.0	96	0	0	1	96	1	96	1.27e-69	197.0	1635837	1636127	NC_006300.1	CRISPR-associated protein Csx16	GCF_000007745.1	NC_006300.1	NC_006300.1_prophage2	103070.0	109505.0	False	Unknown	NC_006300.1
WP_023173770.1	crn3	100.0	320	0	0	1	320	1	320	1.6399999999999998e-243	655.0	2474354	2475316	NC_022600.1	CRISPR-associated ring nuclease Crn3/Csx3	GCF_000484535.1							
WP_153422777.1	crn1	100.0	177	0	0	1	177	1	177	5.88e-125	344.0	993308	993841	NZ_CP045687.1	CRISPR-associated ring nuclease Crn1	GCF_009601705.1							
WP_153422970.1	crn1	100.0	178	0	0	1	178	1	178	6.09e-123	339.0	1236552	1237088	NZ_CP045687.1	CRISPR-associated ring nuclease Crn1	GCF_009601705.1							
WP_011849962.1	crn1	44.9	490	237	10	7	464	218	706	1.02e-124	374.0	1191051	1192466	NC_009073.1	TM1812 family CRISPR-associated protein	GCF_000015805.1							
WP_153974313.1	csx16	100.0	109	0	0	1	109	1	109	3.39e-80	225.0	747516	747845	NZ_CP039268.1	CRISPR-associated protein Csx16	GCF_009664085.1	NZ_CP039268.1	NZ_CP039268.1_prophage1	136370.0	155835.0	False	Myoviridae	NZ_CP039268.1
WP_153974313.1	csx16	100.0	109	0	0	1	109	1	109	3.39e-80	225.0	747516	747845	NZ_CP039268.1	CRISPR-associated protein Csx16	GCF_009664085.1	NZ_CP039268.1	NZ_CP039268.1_prophage2	1121029.0	1138418.0	False	Tectiviridae	NZ_CP039268.1
WP_095044327.1	csx15	54.8	126	57	0	1	126	1	126	8.500000000000001e-47	142.0	3471387	3471773	NZ_LN890655.1	CRISPR-associated protein Csx15	GCF_900066015.1	NZ_LN890655.1	NZ_LN890655.1_prophage1	2567938.0	2575117.0	False	Siphoviridae	NZ_LN890655.1
WP_095044327.1	csx15	54.8	126	57	0	1	126	1	126	8.500000000000001e-47	142.0	3471387	3471773	NZ_LN890655.1	CRISPR-associated protein Csx15	GCF_900066015.1	NZ_LN890656.1	NZ_LN890656.1_prophage1	795894.0	803930.0	False	Myoviridae	NZ_LN890656.1
WP_095044327.1	csx15	54.8	126	57	0	1	126	1	126	8.500000000000001e-47	142.0	3471387	3471773	NZ_LN890655.1	CRISPR-associated protein Csx15	GCF_900066015.1	NZ_LN890657.1	NZ_LN890657.1_prophage1	21664.0	34645.0	False	Unknown	NZ_LN890657.1
WP_017839233.1	csx16	34.8	305	180	9	14	308	31	326	7.480000000000001e-43	148.0	2731434	2732414	NZ_CP035467.1	CRISPR system precrRNA processing endoribonuclease RAMP protein Cas6	GCF_005931095.1	NZ_CP035467.1	NZ_CP035467.1_prophage1	2439139.0	2449446.0	False	Myoviridae	NZ_CP035467.1
WP_174709360.1	crn3	100.0	409	0	0	1	409	1	409	2.74e-312	837.0	2102831	2104060	NZ_CP040094.1	CRISPR-associated ring nuclease Crn3/Csx3	GCF_013343235.1							
WP_254626005.1	crn3	95.0	240	12	0	1	240	78	317	4.72e-171	469.0	5364593	5365315	NZ_CP040094.1	CRISPR-associated protein Csx3	GCF_013343235.1							
WP_280108104.1	crn1	36.5	252	160	0	2	253	3	254	2.1799999999999998e-54	171.0	1294312	1295073	NZ_CP122958.1	CRISPR-associated ring nuclease	GCF_029854155.1							
WP_013932446.1	crn1	39.2	286	173	1	3	288	12	296	1.11e-68	210.0	1141128	1142006	NC_015707.1	CRISPR-associated protein Csx14	GCF_000217815.1							
WP_257121289.1	crn3	34.0	550	326	12	6	539	4	532	1.23e-62	222.0	195117	198335	NZ_CP099464.1	SAV_2336 N-terminal domain-related protein	GCF_024584745.1	NZ_CP099464.1	NZ_CP099464.1_prophage1	4335716.0	4340475.0	False	Myoviridae	NZ_CP099464.1
WP_174631941.1	crn1	100.0	184	0	0	1	184	1	184	9.69e-132	362.0	1867302	1867856	NZ_CP049074.1	CRISPR-associated ring nuclease Crn1	GCF_013343295.1							
WP_174632081.1	crn1	100.0	177	0	0	1	177	1	177	2.6e-128	352.0	1975512	1976045	NZ_CP049074.1	CRISPR-associated ring nuclease Crn1	GCF_013343295.1							
WP_087861865.1	csx15	100.0	127	0	0	1	127	1	127	3.16e-89	249.0	1009456	1009839	NZ_LT859958.1	CRISPR-associated protein Csx15	GCF_900184705.1							
WP_011432248.1	crn3	100.0	322	0	0	1	322	1	322	2.15e-240	648.0	608339	609307	NC_007776.1	CRISPR-associated ring nuclease Crn3/Csx3	GCF_000013225.1	NC_007776.1	NC_007776.1_prophage1	1605317.0	1608769.0	False	Podoviridae	NC_007776.1
WP_013560829.1	crn1	36.1	305	170	7	5	285	3	306	8.229999999999999e-48	157.0	2676347	2677243	NC_014960.1	CRISPR-associated ring nuclease	GCF_000199675.1							
WP_013560837.1	csx15	80.6	134	26	0	1	134	1	134	1.98e-75	215.0	2685587	2685991	NC_014960.1	CRISPR-associated protein Csx15	GCF_000199675.1							
WP_013561218.1	csx15	94.4	126	7	0	1	126	1	126	1.98e-83	235.0	3155066	3155449	NC_014960.1	CRISPR-associated protein Csx15	GCF_000199675.1							
WP_013561226.1	crn1	79.3	280	58	0	1	280	1	280	9.73e-159	438.0	3162485	3163342	NC_014960.1	CRISPR-associated ring nuclease	GCF_000199675.1							
WP_011957726.1	csx15	51.6	126	60	1	1	125	1	126	4.2400000000000006e-43	133.0	3797218	3797595	NC_009523.1	CRISPR-associated protein Csx15	GCF_000016665.1	NC_009523.1	NC_009523.1_prophage1	2034405.0	2064231.0	False	Myoviridae	NC_009523.1
WP_172357074.1	crn3	100.0	104	0	0	1	104	1	104	1.53e-76	216.0	3695104	3695418	NZ_CP053661.1	CRISPR-associated ring nuclease Crn3/Csx3	GCF_013177315.1							
WP_126378468.1	crn5a	100.0	86	0	0	1	86	1	86	1.57e-63	181.0	2129523	2129783	NZ_LR134535.1	hypothetical protein	GCF_900638645.1							
WP_318622301.1	crn1	100.0	238	0	0	1	238	1	238	1.1e-175	477.0	821043	821759	NZ_CP137642.1	CRISPR-associated protein Csx14	GCF_033472595.1							
WP_012710935.1	crn1	100.0	177	0	0	1	177	1	177	1.2399999999999999e-126	348.0	908317	908850	NC_012632.1	CRISPR-associated ring nuclease Crn1	GCF_000022425.1							
