prophage_scaffold	prophage_id	prophage_begin	prophage_end	prophage_transposable	prophage_taxonomy	host	contig
NC_010803.1	NC_010803.1_prophage1	2317342	2319988	False	Unknown	GCF_000020465.1	NC_010803.1
NZ_CP086155.1	NZ_CP086155.1_prophage1	1587377	1606721	False	Myoviridae	GCF_026650945.1	NZ_CP086155.1
NZ_CP086155.1	NZ_CP086155.1_prophage2	1905563	1911669	False	Unknown	GCF_026650945.1	NZ_CP086155.1
NZ_CP086155.1	NZ_CP086155.1_prophage3	2540316	2550825	False	Siphoviridae	GCF_026650945.1	NZ_CP086155.1
NC_011831.1	NC_011831.1_prophage1	1831116	1834022	False	Myoviridae	GCF_000021945.1	NC_011831.1
NC_011831.1	NC_011831.1_prophage2	2813876	2817324	False	Unknown	GCF_000021945.1	NC_011831.1
NC_019771.1	NC_019771.1_prophage1	237663	240100	False	Myoviridae	GCF_000317695.1	NC_019771.1
NC_019771.1	NC_019771.1_prophage2	1432601	1443921	False	Siphoviridae	GCF_000317695.1	NC_019771.1
NZ_AP025609.1	NZ_AP025609.1_prophage1	1542513	1550570	False	Myoviridae / Siphoviridae	GCF_022846295.1	NZ_AP025609.1
NZ_AP025611.1	NZ_AP025611.1_prophage1	76503	84291	False	Unknown	GCF_022846295.1	NZ_AP025611.1
NZ_CP007142.1	NZ_CP007142.1_prophage1	1161173	1174655	False	Myoviridae	GCF_000940805.1	NZ_CP007142.1
NZ_AP024301.1	NZ_AP024301.1_prophage1	1612741	1621957	False	Myoviridae / Siphoviridae	GCF_016865275.1	NZ_AP024301.1
NZ_CP009509.1	NZ_CP009509.1_prophage1	681341	685423	False	Unknown	GCF_000970165.1	NZ_CP009509.1
NC_015276.1	NC_015276.1_prophage1	2003143	2036549	False	Myoviridae	GCF_000192865.1	NC_015276.1
NC_015276.1	NC_015276.1_prophage2	4653990	4664041	False	Myoviridae	GCF_000192865.1	NC_015276.1
NZ_CP128647.1	NZ_CP128647.1_prophage1	280486	293175	False	Unknown	GCF_030644205.1	NZ_CP128647.1
NZ_CP128647.1	NZ_CP128647.1_prophage2	1608690	1628880	False	Siphoviridae	GCF_030644205.1	NZ_CP128647.1
NZ_CP073714.1	NZ_CP073714.1_prophage1	1527472	1545721	False	Myoviridae	GCF_023101145.1	NZ_CP073714.1
NZ_CP073714.1	NZ_CP073714.1_prophage2	2185447	2214899	False	Siphoviridae	GCF_023101145.1	NZ_CP073714.1
NZ_CP073714.1	NZ_CP073714.1_prophage3	2315090	2340828	False	Myoviridae	GCF_023101145.1	NZ_CP073714.1
NZ_CP073714.1	NZ_CP073714.1_prophage4	5571510	5580172	False	Podoviridae	GCF_023101145.1	NZ_CP073714.1
NC_017992.1	NC_017992.1_prophage1	2479438	2501495	False	Siphoviridae	GCF_000307585.2	NC_017992.1
NZ_OU745373.1	NZ_OU745373.1_prophage1	1072484	1104115	False	Myoviridae	GCF_916618745.1	NZ_OU745373.1
NC_014664.1	NC_014664.1_prophage1	1605087	1619571	False	Unknown	GCF_000166055.1	NC_014664.1
NC_014664.1	NC_014664.1_prophage2	2226388	2233875	True	Unknown	GCF_000166055.1	NC_014664.1
NC_014664.1	NC_014664.1_prophage3	3014758	3031109	False	Siphoviridae	GCF_000166055.1	NC_014664.1
NZ_AP018449.1	NZ_AP018449.1_prophage1	1902681	1930125	False	Myoviridae	GCF_003966895.1	NZ_AP018449.1
NZ_AP018449.1	NZ_AP018449.1_prophage2	3412704	3421080	True	Unknown	GCF_003966895.1	NZ_AP018449.1
NC_015589.1	NC_015589.1_prophage1	1096769	1126698	False	Siphoviridae	GCF_000215085.1	NC_015589.1
NC_015589.1	NC_015589.1_prophage2	1337344	1347509	False	Myoviridae	GCF_000215085.1	NC_015589.1
NC_015589.1	NC_015589.1_prophage3	1771486	1792317	False	Myoviridae	GCF_000215085.1	NC_015589.1
NC_015589.1	NC_015589.1_prophage4	3541775	3554424	False	Myoviridae	GCF_000215085.1	NC_015589.1
NC_015589.1	NC_015589.1_prophage5	3588243	3623788	False	Siphoviridae	GCF_000215085.1	NC_015589.1
NZ_CP134501.1	NZ_CP134501.1_prophage1	768133	799278	False	Siphoviridae	GCF_031760945.1	NZ_CP134501.1
NZ_CP134501.1	NZ_CP134501.1_prophage2	2044277	2068155	False	Siphoviridae	GCF_031760945.1	NZ_CP134501.1
NZ_CP113926.1	NZ_CP113926.1_prophage1	1049703	1068496	False	Siphoviridae	GCF_029392035.1	NZ_CP113926.1
NZ_CP113926.1	NZ_CP113926.1_prophage2	1639180	1666860	False	Siphoviridae	GCF_029392035.1	NZ_CP113926.1
NZ_CP072524.1	NZ_CP072524.1_prophage1	101456	107145	False	Podoviridae	GCF_017753665.1	NZ_CP072524.1
NZ_CP072524.1	NZ_CP072524.1_prophage2	646465	654838	True	Siphoviridae	GCF_017753665.1	NZ_CP072524.1
NZ_CP103834.1	NZ_CP103834.1_prophage1	851268	861327	False	Siphoviridae	GCF_029774175.1	NZ_CP103834.1
NZ_OX365700.1	NZ_OX365700.1_prophage1	2149635	2151627	False	Unknown	GCF_947241125.1	NZ_OX365700.1
NZ_CP080953.1	NZ_CP080953.1_prophage1	9467	23758	False	Myoviridae	GCF_019645935.1	NZ_CP080953.1
NZ_CP080953.1	NZ_CP080953.1_prophage2	762197	774145	True	Unknown	GCF_019645935.1	NZ_CP080953.1
NZ_CP080953.1	NZ_CP080953.1_prophage3	2444115	2449830	False	Unknown	GCF_019645935.1	NZ_CP080953.1
NZ_AP026823.1	NZ_AP026823.1_prophage1	795795	804209	False	Siphoviridae	GCF_033128285.1	NZ_AP026823.1
NZ_AP026823.1	NZ_AP026823.1_prophage2	808833	836450	False	Myoviridae	GCF_033128285.1	NZ_AP026823.1
NZ_AP026823.1	NZ_AP026823.1_prophage3	1573672	1583047	False	Siphoviridae	GCF_033128285.1	NZ_AP026823.1
NZ_AP026823.1	NZ_AP026823.1_prophage4	1966007	1974755	False	Siphoviridae	GCF_033128285.1	NZ_AP026823.1
NZ_AP024270.1	NZ_AP024270.1_prophage1	877634	889160	True	Unknown	GCF_016629545.1	NZ_AP024270.1
NZ_AP024270.1	NZ_AP024270.1_prophage2	1513703	1523141	False	Myoviridae / Siphoviridae	GCF_016629545.1	NZ_AP024270.1
NC_014098.1	NC_014098.1_prophage1	2818813	2826160	False	Unknown	GCF_000092905.1	NC_014098.1
NC_015848.1	NC_015848.1_prophage1	2398653	2400431	False	Unknown	GCF_000253375.1	NC_015848.1
NZ_CP029331.1	NZ_CP029331.1_prophage1	502690	534671	False	Myoviridae	GCF_003345255.1	NZ_CP029331.1
NZ_CP029331.1	NZ_CP029331.1_prophage2	635828	660405	True	Myoviridae / Siphoviridae	GCF_003345255.1	NZ_CP029331.1
NZ_CP012109.1	NZ_CP012109.1_prophage1	2402313	2409167	False	Unknown	GCF_000280925.3	NZ_CP012109.1
NZ_CP135435.1	NZ_CP135435.1_prophage1	3042095	3056892	False	Siphoviridae	GCF_032341175.1	NZ_CP135435.1
NZ_CP133189.1	NZ_CP133189.1_prophage1	1461287	1481109	False	Siphoviridae	GCF_030913655.1	NZ_CP133189.1
NZ_CP133189.1	NZ_CP133189.1_prophage2	2489281	2526533	False	Myoviridae	GCF_030913655.1	NZ_CP133189.1
NZ_CP096986.1	NZ_CP096986.1_prophage1	1987860	2010471	False	Siphoviridae	GCF_002006175.2	NZ_CP096986.1
NZ_CP096986.1	NZ_CP096986.1_prophage2	2261930	2277347	False	Siphoviridae	GCF_002006175.2	NZ_CP096986.1
NZ_CP096986.1	NZ_CP096986.1_prophage3	3115764	3131414	False	Siphoviridae	GCF_002006175.2	NZ_CP096986.1
NZ_CP077960.1	NZ_CP077960.1_prophage1	986602	1019170	False	Siphoviridae	GCF_019272915.1	NZ_CP077960.1
NZ_CP077960.1	NZ_CP077960.1_prophage2	1923409	1961531	False	Siphoviridae	GCF_019272915.1	NZ_CP077960.1
NZ_CP077960.1	NZ_CP077960.1_prophage3	2414831	2446671	False	Siphoviridae	GCF_019272915.1	NZ_CP077960.1
NZ_AP024907.1	NZ_AP024907.1_prophage1	2237649	2253358	False	Podoviridae	GCF_024347135.1	NZ_AP024907.1
NZ_AP024907.1	NZ_AP024907.1_prophage2	2340780	2353042	False	Myoviridae	GCF_024347135.1	NZ_AP024907.1
NZ_AP024907.1	NZ_AP024907.1_prophage3	2534925	2557530	False	Myoviridae	GCF_024347135.1	NZ_AP024907.1
NZ_AP024907.1	NZ_AP024907.1_prophage4	2669452	2680235	False	Myoviridae	GCF_024347135.1	NZ_AP024907.1
NZ_AP024908.1	NZ_AP024908.1_prophage1	516901	539898	False	Myoviridae	GCF_024347135.1	NZ_AP024908.1
NZ_CP022297.1	NZ_CP022297.1_prophage1	1483727	1520888	False	Siphoviridae	GCF_017310015.1	NZ_CP022297.1
NZ_CP022297.1	NZ_CP022297.1_prophage2	1961217	1964145	False	Inoviridae	GCF_017310015.1	NZ_CP022297.1
NZ_CP022297.1	NZ_CP022297.1_prophage3	2334116	2366515	False	Siphoviridae	GCF_017310015.1	NZ_CP022297.1
NZ_CP022297.1	NZ_CP022297.1_prophage4	3676245	3682789	False	Inoviridae	GCF_017310015.1	NZ_CP022297.1
NC_010175.1	NC_010175.1_prophage1	2949174	2961185	False	Myoviridae	GCF_000018865.1	NC_010175.1
NC_013854.1	NC_013854.1_prophage1	950092	957331	False	Siphoviridae	GCF_000010725.1	NC_013854.1
NC_013854.1	NC_013854.1_prophage2	2320247	2327486	False	Siphoviridae	GCF_000010725.1	NC_013854.1
NC_013854.1	NC_013854.1_prophage3	2504567	2518299	False	Unknown	GCF_000010725.1	NC_013854.1
NC_013856.1	NC_013856.1_prophage1	611760	618307	False	Siphoviridae	GCF_000010725.1	NC_013856.1
NZ_CP044354.1	NZ_CP044354.1_prophage1	550531	585693	False	Siphoviridae	GCF_008802915.1	NZ_CP044354.1
NZ_CP044354.1	NZ_CP044354.1_prophage2	1361186	1371761	True	Myoviridae	GCF_008802915.1	NZ_CP044354.1
NZ_CP044354.1	NZ_CP044354.1_prophage3	2186341	2207163	True	Myoviridae	GCF_008802915.1	NZ_CP044354.1
NZ_LR884459.1	NZ_LR884459.1_prophage1	3253894	3281053	False	Siphoviridae	GCF_904848165.1	NZ_LR884459.1
NZ_CP123278.1	NZ_CP123278.1_prophage1	6321103	6348737	False	Siphoviridae	GCF_032612255.1	NZ_CP123278.1
NZ_CP123278.1	NZ_CP123278.1_prophage2	7501843	7505446	False	Siphoviridae	GCF_032612255.1	NZ_CP123278.1
NZ_CP046457.1	NZ_CP046457.1_prophage1	896212	931945	False	Siphoviridae	GCF_009734445.1	NZ_CP046457.1
NZ_CP094467.1	NZ_CP094467.1_prophage1	53579	60482	True	Unknown	GCF_023347235.1	NZ_CP094467.1
NZ_CP094467.1	NZ_CP094467.1_prophage2	449844	455214	False	Siphoviridae	GCF_023347235.1	NZ_CP094467.1
NZ_CP094467.1	NZ_CP094467.1_prophage3	778439	780692	False	Siphoviridae	GCF_023347235.1	NZ_CP094467.1
NZ_CP094467.1	NZ_CP094467.1_prophage4	901464	908505	False	Siphoviridae	GCF_023347235.1	NZ_CP094467.1
NZ_CP094467.1	NZ_CP094467.1_prophage5	975403	978190	False	Unknown	GCF_023347235.1	NZ_CP094467.1
NZ_CP094467.1	NZ_CP094467.1_prophage6	1615576	1632259	False	Myoviridae / Siphoviridae	GCF_023347235.1	NZ_CP094467.1
NZ_CP094467.1	NZ_CP094467.1_prophage7	1633673	1667313	False	Myoviridae	GCF_023347235.1	NZ_CP094467.1
NZ_AP017372.2	NZ_AP017372.2_prophage1	374857	376611	False	Unknown	GCF_002356555.2	NZ_AP017372.2
NZ_CP027663.1	NZ_CP027663.1_prophage1	2726700	2729941	False	Unknown	GCF_003184265.1	NZ_CP027663.1
NZ_AP024620.1	NZ_AP024620.1_prophage1	444590	449577	False	Unknown	GCF_023734095.1	NZ_AP024620.1
NZ_AP024620.1	NZ_AP024620.1_prophage2	1040425	1051808	False	Siphoviridae	GCF_023734095.1	NZ_AP024620.1
NZ_AP025158.1	NZ_AP025158.1_prophage1	387378	399533	False	Siphoviridae	GCF_019974155.1	NZ_AP025158.1
NZ_CP085976.1	NZ_CP085976.1_prophage1	144913	159912	False	Myoviridae	GCF_020735365.1	NZ_CP085976.1
NZ_CP085976.1	NZ_CP085976.1_prophage2	190991	195534	False	Unknown	GCF_020735365.1	NZ_CP085976.1
NZ_CP085976.1	NZ_CP085976.1_prophage3	199609	203931	False	Unknown	GCF_020735365.1	NZ_CP085976.1
NZ_CP085976.1	NZ_CP085976.1_prophage4	2418965	2421997	False	Unknown	GCF_020735365.1	NZ_CP085976.1
NZ_CP072600.1	NZ_CP072600.1_prophage1	1445989	1452240	False	Myoviridae	GCF_019891175.1	NZ_CP072600.1
NZ_AP017928.1	NZ_AP017928.1_prophage1	1893791	1913560	True	Unknown	GCF_003584645.1	NZ_AP017928.1
NZ_CP103830.1	NZ_CP103830.1_prophage1	175349	205059	False	Siphoviridae	GCF_029774095.1	NZ_CP103830.1
NZ_LT990039.1	NZ_LT990039.1_prophage1	684063	701103	True	Myoviridae / Siphoviridae	GCF_900312975.1	NZ_LT990039.1
NZ_LT990039.1	NZ_LT990039.1_prophage2	952061	962455	False	Unknown	GCF_900312975.1	NZ_LT990039.1
NZ_LT990039.1	NZ_LT990039.1_prophage3	1720070	1735462	False	Siphoviridae	GCF_900312975.1	NZ_LT990039.1
NZ_LT990039.1	NZ_LT990039.1_prophage4	2387144	2407535	False	Myoviridae	GCF_900312975.1	NZ_LT990039.1
NZ_LT990039.1	NZ_LT990039.1_prophage5	2754792	2764624	False	Microviridae	GCF_900312975.1	NZ_LT990039.1
NZ_CP024705.1	NZ_CP024705.1_prophage1	333384	345099	False	Siphoviridae	GCF_002763925.1	NZ_CP024705.1
NZ_CP024705.1	NZ_CP024705.1_prophage2	645242	662587	False	Myoviridae	GCF_002763925.1	NZ_CP024705.1
NC_005140.1	NC_005140.1_prophage1	937077	963375	False	Podoviridae	GCF_000009745.1	NC_005140.1
NC_012589.1	NC_012589.1_prophage1	124432	132932	False	Fuselloviridae	GCF_000022385.1	NC_012589.1
NZ_CP065178.1	NZ_CP065178.1_prophage1	1030369	1069974	False	Myoviridae	GCF_014946825.2	NZ_CP065178.1
NZ_CP065178.1	NZ_CP065178.1_prophage2	2550844	2572819	False	Myoviridae	GCF_014946825.2	NZ_CP065178.1
NZ_CP019721.1	NZ_CP019721.1_prophage1	311336	343814	False	Siphoviridae	GCF_002005185.1	NZ_CP019721.1
NZ_CP019721.1	NZ_CP019721.1_prophage2	1073796	1099410	False	Myoviridae	GCF_002005185.1	NZ_CP019721.1
NC_011420.2	NC_011420.2_prophage1	33172	82509	False	Siphoviridae	GCF_000016185.1	NC_011420.2
NC_011420.2	NC_011420.2_prophage2	1149725	1188642	False	Myoviridae	GCF_000016185.1	NC_011420.2
NC_011420.2	NC_011420.2_prophage3	1341801	1347769	False	Unknown	GCF_000016185.1	NC_011420.2
NC_011420.2	NC_011420.2_prophage4	1530237	1534016	False	Unknown	GCF_000016185.1	NC_011420.2
NC_011420.2	NC_011420.2_prophage5	3184184	3190859	False	Podoviridae	GCF_000016185.1	NC_011420.2
NZ_CP113264.1	NZ_CP113264.1_prophage1	112250	121464	False	Siphoviridae	GCF_026642255.1	NZ_CP113264.1
NZ_CP113264.1	NZ_CP113264.1_prophage2	6470146	6478998	False	Siphoviridae	GCF_026642255.1	NZ_CP113264.1
NZ_CP016180.1	NZ_CP016180.1_prophage1	1030825	1056832	False	Siphoviridae	GCF_013377295.1	NZ_CP016180.1
NZ_CP016180.1	NZ_CP016180.1_prophage2	1067040	1070574	False	Siphoviridae	GCF_013377295.1	NZ_CP016180.1
NZ_CP016180.1	NZ_CP016180.1_prophage3	1869346	1914803	False	Myoviridae	GCF_013377295.1	NZ_CP016180.1
NZ_CP102272.1	NZ_CP102272.1_prophage1	806202	817834	False	Siphoviridae	GCF_025149125.1	NZ_CP102272.1
NZ_CP102272.1	NZ_CP102272.1_prophage2	847051	859849	True	Siphoviridae	GCF_025149125.1	NZ_CP102272.1
NZ_CP102272.1	NZ_CP102272.1_prophage3	1371549	1405835	False	Siphoviridae	GCF_025149125.1	NZ_CP102272.1
NZ_CP102272.1	NZ_CP102272.1_prophage4	5655657	5698031	False	Myoviridae	GCF_025149125.1	NZ_CP102272.1
NZ_CP109430.1	NZ_CP109430.1_prophage1	9681391	9697914	False	Siphoviridae	GCF_036250735.1	NZ_CP109430.1
NZ_CP115166.1	NZ_CP115166.1_prophage1	185720	203706	False	Myoviridae	GCF_028622095.1	NZ_CP115166.1
NZ_CP017708.2	NZ_CP017708.2_prophage1	2575458	2582303	False	Myoviridae	GCF_001854205.2	NZ_CP017708.2
NZ_CP017708.2	NZ_CP017708.2_prophage2	6924414	6936479	False	Myoviridae	GCF_001854205.2	NZ_CP017708.2
NZ_CP017708.2	NZ_CP017708.2_prophage3	7594722	7602480	True	Siphoviridae	GCF_001854205.2	NZ_CP017708.2
NZ_CP135996.1	NZ_CP135996.1_prophage1	587767	601073	True	Myoviridae	GCF_029211325.2	NZ_CP135996.1
NZ_CP135996.1	NZ_CP135996.1_prophage2	821615	861889	False	Myoviridae	GCF_029211325.2	NZ_CP135996.1
NZ_CP135996.1	NZ_CP135996.1_prophage3	1049140	1063004	False	Myoviridae	GCF_029211325.2	NZ_CP135996.1
NZ_CP135996.1	NZ_CP135996.1_prophage4	1286983	1324620	False	Myoviridae	GCF_029211325.2	NZ_CP135996.1
NZ_CP135996.1	NZ_CP135996.1_prophage5	2443060	2486140	True	Siphoviridae	GCF_029211325.2	NZ_CP135996.1
NZ_CP135996.1	NZ_CP135996.1_prophage6	2508088	2539330	True	Siphoviridae	GCF_029211325.2	NZ_CP135996.1
NZ_CP135996.1	NZ_CP135996.1_prophage7	2687231	2693354	True	Siphoviridae	GCF_029211325.2	NZ_CP135996.1
NZ_CP013341.1	NZ_CP013341.1_prophage1	2521390	2530460	True	Siphoviridae	GCF_001455205.1	NZ_CP013341.1
NZ_CP013341.1	NZ_CP013341.1_prophage2	2596572	2600626	False	Unknown	GCF_001455205.1	NZ_CP013341.1
NZ_CP013341.1	NZ_CP013341.1_prophage3	2609497	2625629	False	Siphoviridae	GCF_001455205.1	NZ_CP013341.1
NZ_AP024873.1	NZ_AP024873.1_prophage1	2086322	2095947	False	Myoviridae	GCF_024346915.1	NZ_AP024873.1
NZ_AP024874.1	NZ_AP024874.1_prophage1	488922	508833	False	Myoviridae	GCF_024346915.1	NZ_AP024874.1
NZ_AP024874.1	NZ_AP024874.1_prophage2	671971	696844	False	Myoviridae	GCF_024346915.1	NZ_AP024874.1
NZ_CP092752.1	NZ_CP092752.1_prophage1	1263101	1267936	False	Unknown	GCF_030506185.1	NZ_CP092752.1
NZ_CP092752.1	NZ_CP092752.1_prophage2	2196938	2200941	False	Siphoviridae	GCF_030506185.1	NZ_CP092752.1
NZ_CP092752.1	NZ_CP092752.1_prophage3	4120782	4178534	False	Siphoviridae	GCF_030506185.1	NZ_CP092752.1
NZ_CP092752.1	NZ_CP092752.1_prophage4	4925564	4957149	False	Myoviridae	GCF_030506185.1	NZ_CP092752.1
NC_009253.1	NC_009253.1_prophage1	945116	953887	False	Unknown	GCF_000016165.1	NC_009253.1
NC_009253.1	NC_009253.1_prophage2	1259809	1303726	False	Myoviridae	GCF_000016165.1	NC_009253.1
NC_009253.1	NC_009253.1_prophage3	2822456	2850521	False	Siphoviridae	GCF_000016165.1	NC_009253.1
NZ_CP068960.1	NZ_CP068960.1_prophage1	3062790	3088906	True	Siphoviridae	GCF_016798345.1	NZ_CP068960.1
NZ_CP046640.1	NZ_CP046640.1_prophage1	80686	103736	False	Myoviridae	GCF_017751145.1	NZ_CP046640.1
NZ_CP009961.1	NZ_CP009961.1_prophage1	1373540	1384669	False	Siphoviridae	GCF_000993805.1	NZ_CP009961.1
NC_008344.1	NC_008344.1_prophage1	1534582	1566348	False	Siphoviridae	GCF_000014765.1	NC_008344.1
NC_008344.1	NC_008344.1_prophage2	2323253	2326256	False	Unknown	GCF_000014765.1	NC_008344.1
NC_008344.1	NC_008344.1_prophage3	2627181	2632498	True	Podoviridae	GCF_000014765.1	NC_008344.1
NC_008342.1	NC_008342.1_prophage1	23087	29869	True	Unknown	GCF_000014765.1	NC_008342.1
NZ_CP039031.1	NZ_CP039031.1_prophage1	2036206	2064958	False	Podoviridae	GCF_013378115.1	NZ_CP039031.1
NC_014657.1	NC_014657.1_prophage1	906461	925721	False	Siphoviridae	GCF_000166335.1	NC_014657.1
NZ_CP126689.1	NZ_CP126689.1_prophage1	1146075	1165874	False	Siphoviridae	GCF_030219945.1	NZ_CP126689.1
NZ_CP126689.1	NZ_CP126689.1_prophage2	1865250	1886193	False	Siphoviridae	GCF_030219945.1	NZ_CP126689.1
NC_013960.1	NC_013960.1_prophage1	970258	1002598	False	Siphoviridae	GCF_000024725.1	NC_013960.1
NZ_CP047963.1	NZ_CP047963.1_prophage1	157072	173005	True	Unknown	GCF_009931135.1	NZ_CP047963.1
NZ_CP055306.1	NZ_CP055306.1_prophage1	1286709	1292342	False	Unknown	GCF_013377975.1	NZ_CP055306.1
NZ_CP055306.1	NZ_CP055306.1_prophage2	1553674	1570254	False	Siphoviridae	GCF_013377975.1	NZ_CP055306.1
NZ_CP055306.1	NZ_CP055306.1_prophage3	1631917	1674586	False	Siphoviridae	GCF_013377975.1	NZ_CP055306.1
NC_017956.1	NC_017956.1_prophage1	2578817	2584180	False	Siphoviridae	GCF_000264455.2	NC_017956.1
NC_017956.1	NC_017956.1_prophage2	2637248	2660521	False	Siphoviridae	GCF_000264455.2	NC_017956.1
NC_017966.1	NC_017966.1_prophage1	0	15096	False	Myoviridae	GCF_000264455.2	NC_017966.1
NZ_AP024854.1	NZ_AP024854.1_prophage1	1567235	1597591	False	Myoviridae	GCF_024529955.1	NZ_AP024854.1
NZ_AP024854.1	NZ_AP024854.1_prophage2	1624145	1655337	False	Myoviridae	GCF_024529955.1	NZ_AP024854.1
NZ_AP024855.1	NZ_AP024855.1_prophage1	1806	19316	False	Myoviridae	GCF_024529955.1	NZ_AP024855.1
NZ_AP024857.1	NZ_AP024857.1_prophage1	8494	15802	False	Myoviridae	GCF_024529955.1	NZ_AP024857.1
NZ_CP027234.1	NZ_CP027234.1_prophage1	3459550	3464225	True	Unknown	GCF_002998535.1	NZ_CP027234.1
NZ_CP083911.1	NZ_CP083911.1_prophage1	1638460	1685276	False	Myoviridae	GCF_020162115.1	NZ_CP083911.1
NZ_CP011391.1	NZ_CP011391.1_prophage1	1356483	1391484	False	Siphoviridae	GCF_001564455.1	NZ_CP011391.1
NZ_CP011391.1	NZ_CP011391.1_prophage2	2031689	2037229	True	Podoviridae	GCF_001564455.1	NZ_CP011391.1
NC_016641.1	NC_016641.1_prophage1	2606684	2617877	False	Siphoviridae	GCF_000235585.1	NC_016641.1
NC_016641.1	NC_016641.1_prophage2	2943418	2967175	False	Myoviridae	GCF_000235585.1	NC_016641.1
NC_016641.1	NC_016641.1_prophage3	5189868	5195722	False	Myoviridae	GCF_000235585.1	NC_016641.1
NZ_CP072634.1	NZ_CP072634.1_prophage1	1870669	1880774	True	Myoviridae / Siphoviridae	GCF_018304685.1	NZ_CP072634.1
NZ_CP040058.1	NZ_CP040058.1_prophage1	416451	441507	False	Siphoviridae	GCF_005280655.1	NZ_CP040058.1
NZ_CP040058.1	NZ_CP040058.1_prophage2	851076	875919	False	Siphoviridae	GCF_005280655.1	NZ_CP040058.1
NZ_CP040058.1	NZ_CP040058.1_prophage3	2681465	2702575	False	Myoviridae	GCF_005280655.1	NZ_CP040058.1
NC_015949.1	NC_015949.1_prophage1	1748144	1754975	False	Myoviridae	GCF_000193435.2	NC_015949.1
NZ_AP019783.1	NZ_AP019783.1_prophage1	335446	370049	False	Myoviridae	GCF_019670005.1	NZ_AP019783.1
NZ_AP019783.1	NZ_AP019783.1_prophage2	842418	853307	False	Unknown	GCF_019670005.1	NZ_AP019783.1
NZ_AP019783.1	NZ_AP019783.1_prophage3	1166412	1195599	False	Myoviridae	GCF_019670005.1	NZ_AP019783.1
NZ_AP019783.1	NZ_AP019783.1_prophage4	1387712	1409948	False	Podoviridae	GCF_019670005.1	NZ_AP019783.1
NZ_AP019783.1	NZ_AP019783.1_prophage5	2760456	2778687	True	Myoviridae	GCF_019670005.1	NZ_AP019783.1
NZ_AP019783.1	NZ_AP019783.1_prophage6	2809435	2853062	False	Myoviridae	GCF_019670005.1	NZ_AP019783.1
NZ_AP019783.1	NZ_AP019783.1_prophage7	2978391	3004495	False	Siphoviridae	GCF_019670005.1	NZ_AP019783.1
NZ_AP019787.1	NZ_AP019787.1_prophage1	11938	18148	False	Siphoviridae	GCF_019670005.1	NZ_AP019787.1
NZ_CP019306.1	NZ_CP019306.1_prophage1	284961	305310	False	Myoviridae	GCF_003732525.1	NZ_CP019306.1
NZ_CP019306.1	NZ_CP019306.1_prophage2	566503	591728	False	Myoviridae	GCF_003732525.1	NZ_CP019306.1
NZ_CP019306.1	NZ_CP019306.1_prophage3	1846427	1863717	False	Myoviridae	GCF_003732525.1	NZ_CP019306.1
NZ_CP012196.1	NZ_CP012196.1_prophage1	214865	222690	False	Myoviridae / Siphoviridae	GCF_001190745.1	NZ_CP012196.1
NZ_CP012196.1	NZ_CP012196.1_prophage2	562190	592794	False	Myoviridae	GCF_001190745.1	NZ_CP012196.1
NZ_CP063959.1	NZ_CP063959.1_prophage1	1115289	1133070	False	Myoviridae	GCF_017101655.1	NZ_CP063959.1
NZ_CP063959.1	NZ_CP063959.1_prophage2	1824510	1836527	False	Siphoviridae	GCF_017101655.1	NZ_CP063959.1
NZ_CP063960.1	NZ_CP063960.1_prophage1	166707	182244	True	Myoviridae	GCF_017101655.1	NZ_CP063960.1
NZ_CP022121.1	NZ_CP022121.1_prophage1	580549	589323	False	Siphoviridae	GCF_002224645.1	NZ_CP022121.1
NZ_CP022121.1	NZ_CP022121.1_prophage2	1897716	1919032	False	Siphoviridae	GCF_002224645.1	NZ_CP022121.1
NZ_CP022121.1	NZ_CP022121.1_prophage3	3119307	3125037	True	Unknown	GCF_002224645.1	NZ_CP022121.1
NZ_CP022121.1	NZ_CP022121.1_prophage4	3456604	3468820	False	Unknown	GCF_002224645.1	NZ_CP022121.1
NZ_AP024310.1	NZ_AP024310.1_prophage1	114301	138458	True	Unknown	GCF_016861545.1	NZ_AP024310.1
NZ_AP024310.1	NZ_AP024310.1_prophage2	194490	199008	True	Unknown	GCF_016861545.1	NZ_AP024310.1
NZ_AP024310.1	NZ_AP024310.1_prophage3	219923	224111	True	Unknown	GCF_016861545.1	NZ_AP024310.1
NZ_AP024310.1	NZ_AP024310.1_prophage4	317414	320379	False	Myoviridae	GCF_016861545.1	NZ_AP024310.1
NZ_AP024310.1	NZ_AP024310.1_prophage5	3672998	3684157	False	Unknown	GCF_016861545.1	NZ_AP024310.1
NZ_CP139195.1	NZ_CP139195.1_prophage1	1474142	1509763	True	Siphoviridae	GCF_034057115.1	NZ_CP139195.1
NZ_CP139195.1	NZ_CP139195.1_prophage2	2176393	2215104	False	Myoviridae	GCF_034057115.1	NZ_CP139195.1
NC_013235.1	NC_013235.1_prophage1	1157924	1169099	False	Myoviridae	GCF_000024365.1	NC_013235.1
NC_013235.1	NC_013235.1_prophage2	1328393	1370438	True	Siphoviridae	GCF_000024365.1	NC_013235.1
NC_013235.1	NC_013235.1_prophage3	2772771	2778459	True	Siphoviridae	GCF_000024365.1	NC_013235.1
NC_013235.1	NC_013235.1_prophage4	3307099	3311307	False	Unknown	GCF_000024365.1	NC_013235.1
NC_013235.1	NC_013235.1_prophage5	3827690	3838252	True	Siphoviridae	GCF_000024365.1	NC_013235.1
NC_013235.1	NC_013235.1_prophage6	3951886	3968867	True	Unknown	GCF_000024365.1	NC_013235.1
NC_013235.1	NC_013235.1_prophage7	5136771	5165436	True	Siphoviridae	GCF_000024365.1	NC_013235.1
NC_013235.1	NC_013235.1_prophage8	5807691	5817505	False	Unknown	GCF_000024365.1	NC_013235.1
NZ_CP091244.1	NZ_CP091244.1_prophage1	1861365	1865636	False	Siphoviridae	GCF_021650935.1	NZ_CP091244.1
NC_020126.1	NC_020126.1_prophage1	2369698	2393905	False	Myoviridae	GCF_000331735.1	NC_020126.1
NC_020126.1	NC_020126.1_prophage2	2400805	2413582	False	Siphoviridae	GCF_000331735.1	NC_020126.1
NC_020126.1	NC_020126.1_prophage3	4094989	4117374	False	Siphoviridae	GCF_000331735.1	NC_020126.1
NC_020126.1	NC_020126.1_prophage4	8870216	8880200	False	Unknown	GCF_000331735.1	NC_020126.1
NZ_LR593887.1	NZ_LR593887.1_prophage1	1947276	1965836	False	Siphoviridae / Podoviridae	GCF_901538355.1	NZ_LR593887.1
NZ_LR593887.1	NZ_LR593887.1_prophage2	3188109	3206019	False	Siphoviridae	GCF_901538355.1	NZ_LR593887.1
NZ_LR593887.1	NZ_LR593887.1_prophage3	4321436	4329207	False	Unknown	GCF_901538355.1	NZ_LR593887.1
NZ_LR593887.1	NZ_LR593887.1_prophage4	6409778	6418530	False	Unknown	GCF_901538355.1	NZ_LR593887.1
NZ_AP019823.1	NZ_AP019823.1_prophage1	384009	402281	False	Myoviridae	GCF_007990525.1	NZ_AP019823.1
NZ_CP063304.1	NZ_CP063304.1_prophage1	1392744	1421503	False	Siphoviridae	GCF_015159595.1	NZ_CP063304.1
NZ_CP063304.1	NZ_CP063304.1_prophage2	1979796	1994981	True	Siphoviridae	GCF_015159595.1	NZ_CP063304.1
NZ_CP063304.1	NZ_CP063304.1_prophage3	2916287	2949415	False	Siphoviridae	GCF_015159595.1	NZ_CP063304.1
NZ_CP063304.1	NZ_CP063304.1_prophage4	3067064	3096968	False	Siphoviridae	GCF_015159595.1	NZ_CP063304.1
NZ_CP063304.1	NZ_CP063304.1_prophage5	3099165	3105841	False	Myoviridae / Siphoviridae	GCF_015159595.1	NZ_CP063304.1
NZ_CP061800.1	NZ_CP061800.1_prophage1	7220413	7223509	False	Siphoviridae	GCF_017377395.1	NZ_CP061800.1
NZ_CP011403.1	NZ_CP011403.1_prophage1	295611	306859	False	Siphoviridae	GCF_001011095.1	NZ_CP011403.1
NZ_CP011403.1	NZ_CP011403.1_prophage2	308080	328649	False	Siphoviridae	GCF_001011095.1	NZ_CP011403.1
NZ_CP011403.1	NZ_CP011403.1_prophage3	1652031	1656575	False	Siphoviridae	GCF_001011095.1	NZ_CP011403.1
NZ_CP047056.1	NZ_CP047056.1_prophage1	2901411	2936515	False	Myoviridae	GCF_011065405.1	NZ_CP047056.1
NC_018012.1	NC_018012.1_prophage1	2909564	2915755	True	Unknown	GCF_000227745.2	NC_018012.1
NC_018012.1	NC_018012.1_prophage2	3836222	3859950	True	Myoviridae	GCF_000227745.2	NC_018012.1
NC_018012.1	NC_018012.1_prophage3	4750838	4775180	True	Siphoviridae	GCF_000227745.2	NC_018012.1
NC_018012.1	NC_018012.1_prophage4	4783157	4793043	False	Unknown	GCF_000227745.2	NC_018012.1
NZ_CP042243.1	NZ_CP042243.1_prophage1	980523	1000092	False	Myoviridae	GCF_008152325.1	NZ_CP042243.1
NZ_CP042243.1	NZ_CP042243.1_prophage2	1941938	1957700	False	Myoviridae	GCF_008152325.1	NZ_CP042243.1
NZ_CP042243.1	NZ_CP042243.1_prophage3	1974334	1979006	False	Unknown	GCF_008152325.1	NZ_CP042243.1
NZ_CP042243.1	NZ_CP042243.1_prophage4	2046679	2050682	False	Myoviridae	GCF_008152325.1	NZ_CP042243.1
NZ_CP042244.1	NZ_CP042244.1_prophage1	1551	19806	False	Myoviridae	GCF_008152325.1	NZ_CP042244.1
NZ_CP033837.1	NZ_CP033837.1_prophage1	1026831	1063697	False	Myoviridae	GCF_003812825.1	NZ_CP033837.1
NZ_CP068564.1	NZ_CP068564.1_prophage1	1510262	1519618	False	Myoviridae	GCF_016767175.1	NZ_CP068564.1
NZ_CP017173.1	NZ_CP017173.1_prophage1	5524999	5547091	False	Siphoviridae	GCF_006402415.1	NZ_CP017173.1
NZ_CP017173.1	NZ_CP017173.1_prophage2	5576275	5579584	False	Myoviridae	GCF_006402415.1	NZ_CP017173.1
NZ_CP017173.1	NZ_CP017173.1_prophage3	6056694	6078025	False	Siphoviridae	GCF_006402415.1	NZ_CP017173.1
NZ_CP017173.1	NZ_CP017173.1_prophage4	6099272	6119084	False	Siphoviridae	GCF_006402415.1	NZ_CP017173.1
NZ_CP028108.1	NZ_CP028108.1_prophage1	2077487	2100551	False	Myoviridae	GCF_003019755.1	NZ_CP028108.1
NZ_CP058649.1	NZ_CP058649.1_prophage1	2573170	2580089	True	Siphoviridae	GCF_018141445.1	NZ_CP058649.1
NZ_CP058649.1	NZ_CP058649.1_prophage2	6217149	6227700	False	Myoviridae	GCF_018141445.1	NZ_CP058649.1
NC_016941.1	NC_016941.1_prophage1	1971552	2011928	False	Siphoviridae	GCF_000236925.1	NC_016941.1
NC_015578.1	NC_015578.1_prophage1	2125017	2130757	False	Siphoviridae	GCF_000214375.1	NC_015578.1
NC_015578.1	NC_015578.1_prophage2	2217486	2221497	False	Siphoviridae	GCF_000214375.1	NC_015578.1
NC_007775.1	NC_007775.1_prophage1	208310	216414	False	Myoviridae	GCF_000013205.1	NC_007775.1
NZ_CP047616.1	NZ_CP047616.1_prophage1	1326835	1338269	True	Myoviridae	GCF_012219925.1	NZ_CP047616.1
NZ_CP047616.1	NZ_CP047616.1_prophage2	1956847	1966525	True	Unknown	GCF_012219925.1	NZ_CP047616.1
NC_014836.1	NC_014836.1_prophage1	555872	559035	False	Siphoviridae	GCF_000177635.2	NC_014836.1
NC_014836.1	NC_014836.1_prophage2	2516539	2522014	True	Unknown	GCF_000177635.2	NC_014836.1
NZ_CP066022.1	NZ_CP066022.1_prophage1	1325322	1336803	False	Myoviridae	GCF_016127595.1	NZ_CP066022.1
NC_013921.1	NC_013921.1_prophage1	1403912	1432360	False	Myoviridae	GCF_000025645.1	NC_013921.1
NZ_CP045809.1	NZ_CP045809.1_prophage1	235493	250812	True	Myoviridae	GCF_025273675.1	NZ_CP045809.1
NZ_CP045809.1	NZ_CP045809.1_prophage2	2260323	2286317	False	Unknown	GCF_025273675.1	NZ_CP045809.1
NZ_CP045809.1	NZ_CP045809.1_prophage3	3191675	3197273	True	Unknown	GCF_025273675.1	NZ_CP045809.1
NZ_CP121679.1	NZ_CP121679.1_prophage1	131338	151822	False	Siphoviridae	GCF_029760895.1	NZ_CP121679.1
NZ_CP121679.1	NZ_CP121679.1_prophage2	1136371	1168430	False	Myoviridae	GCF_029760895.1	NZ_CP121679.1
NZ_CP121679.1	NZ_CP121679.1_prophage3	1623224	1650255	False	Podoviridae	GCF_029760895.1	NZ_CP121679.1
NZ_CP121679.1	NZ_CP121679.1_prophage4	2013446	2026865	False	Siphoviridae	GCF_029760895.1	NZ_CP121679.1
NZ_CP133089.1	NZ_CP133089.1_prophage1	671706	683789	False	Myoviridae	GCF_030908405.1	NZ_CP133089.1
NZ_CP101637.1	NZ_CP101637.1_prophage1	137395	140429	False	Siphoviridae	GCF_031202285.1	NZ_CP101637.1
NZ_CP101637.1	NZ_CP101637.1_prophage2	147511	175621	False	Siphoviridae	GCF_031202285.1	NZ_CP101637.1
NZ_CP091509.1	NZ_CP091509.1_prophage1	1604058	1631444	False	Myoviridae	GCF_022870885.1	NZ_CP091509.1
NZ_CP013843.1	NZ_CP013843.1_prophage1	2431927	2454039	False	Myoviridae	GCF_002865745.1	NZ_CP013843.1
NZ_CP013843.1	NZ_CP013843.1_prophage2	2460354	2469533	False	Siphoviridae	GCF_002865745.1	NZ_CP013843.1
NZ_CP013843.1	NZ_CP013843.1_prophage3	3404226	3426211	False	Siphoviridae	GCF_002865745.1	NZ_CP013843.1
NZ_CP012543.1	NZ_CP012543.1_prophage1	1418451	1424813	False	Unknown	GCF_004803795.1	NZ_CP012543.1
NZ_CP012543.1	NZ_CP012543.1_prophage2	1439849	1455174	False	Myoviridae	GCF_004803795.1	NZ_CP012543.1
NZ_CP012543.1	NZ_CP012543.1_prophage3	1737987	1742983	False	Myoviridae	GCF_004803795.1	NZ_CP012543.1
NZ_CP061080.1	NZ_CP061080.1_prophage1	886348	897458	False	Podoviridae	GCF_014495845.1	NZ_CP061080.1
NZ_CP061080.1	NZ_CP061080.1_prophage2	3089802	3119907	False	Myoviridae	GCF_014495845.1	NZ_CP061080.1
NZ_CP061080.1	NZ_CP061080.1_prophage3	3146413	3154777	False	Siphoviridae	GCF_014495845.1	NZ_CP061080.1
NZ_CP061080.1	NZ_CP061080.1_prophage4	3757224	3761260	False	Siphoviridae	GCF_014495845.1	NZ_CP061080.1
NZ_CP061080.1	NZ_CP061080.1_prophage5	5666407	5679011	False	Siphoviridae	GCF_014495845.1	NZ_CP061080.1
NZ_CP061080.1	NZ_CP061080.1_prophage6	5824185	5833498	False	Siphoviridae	GCF_014495845.1	NZ_CP061080.1
NZ_CP013334.1	NZ_CP013334.1_prophage1	152968	166379	False	Myoviridae	GCF_001455105.1	NZ_CP013334.1
NZ_CP013334.1	NZ_CP013334.1_prophage2	250712	268156	False	Myoviridae	GCF_001455105.1	NZ_CP013334.1
NZ_CP013334.1	NZ_CP013334.1_prophage3	549658	567744	False	Myoviridae	GCF_001455105.1	NZ_CP013334.1
NC_015172.1	NC_015172.1_prophage1	42615	51806	True	Unknown	GCF_000190635.1	NC_015172.1
NC_015172.1	NC_015172.1_prophage2	79626	91557	False	Unknown	GCF_000190635.1	NC_015172.1
NC_015172.1	NC_015172.1_prophage3	341253	366553	False	Siphoviridae	GCF_000190635.1	NC_015172.1
NC_015172.1	NC_015172.1_prophage4	522364	542254	False	Unknown	GCF_000190635.1	NC_015172.1
NC_015172.1	NC_015172.1_prophage5	739407	763631	False	Myoviridae	GCF_000190635.1	NC_015172.1
NC_015172.1	NC_015172.1_prophage6	2647950	2667608	False	Unknown	GCF_000190635.1	NC_015172.1
NC_015172.1	NC_015172.1_prophage7	2683907	2688440	False	Myoviridae / Siphoviridae	GCF_000190635.1	NC_015172.1
NC_015172.1	NC_015172.1_prophage8	3002477	3022367	False	Unknown	GCF_000190635.1	NC_015172.1
NC_015172.1	NC_015172.1_prophage9	3176697	3196587	False	Unknown	GCF_000190635.1	NC_015172.1
NZ_CP054699.1	NZ_CP054699.1_prophage1	1229185	1259441	False	Siphoviridae	GCF_022558445.1	NZ_CP054699.1
NZ_CP054699.1	NZ_CP054699.1_prophage2	2007528	2013939	False	Siphoviridae	GCF_022558445.1	NZ_CP054699.1
NZ_CP054699.1	NZ_CP054699.1_prophage3	2338444	2348173	False	Siphoviridae	GCF_022558445.1	NZ_CP054699.1
NZ_AP022557.1	NZ_AP022557.1_prophage1	2063383	2086176	False	Siphoviridae	GCF_011405175.1	NZ_AP022557.1
NZ_AP022559.1	NZ_AP022559.1_prophage1	855	25288	False	Siphoviridae	GCF_011405175.1	NZ_AP022559.1
NZ_AP022559.1	NZ_AP022559.1_prophage2	27015	36984	False	Unknown	GCF_011405175.1	NZ_AP022559.1
NZ_AP018724.1	NZ_AP018724.1_prophage1	425753	428682	False	Siphoviridae	GCF_004001245.1	NZ_AP018724.1
NZ_AP018724.1	NZ_AP018724.1_prophage2	1011258	1047024	False	Siphoviridae	GCF_004001245.1	NZ_AP018724.1
NZ_AP018724.1	NZ_AP018724.1_prophage3	2883068	2901390	False	Siphoviridae	GCF_004001245.1	NZ_AP018724.1
NZ_AP018724.1	NZ_AP018724.1_prophage4	2922149	2964835	False	Siphoviridae	GCF_004001245.1	NZ_AP018724.1
NC_014652.1	NC_014652.1_prophage1	414864	420191	False	Siphoviridae	GCF_000166355.1	NC_014652.1
NC_014652.1	NC_014652.1_prophage2	451835	463337	False	Siphoviridae	GCF_000166355.1	NC_014652.1
NC_014652.1	NC_014652.1_prophage3	799965	830778	False	Myoviridae	GCF_000166355.1	NC_014652.1
NZ_CP027860.1	NZ_CP027860.1_prophage1	3163226	3181192	False	Unknown	GCF_003015185.1	NZ_CP027860.1
NZ_LR134263.1	NZ_LR134263.1_prophage1	1083891	1103363	False	Siphoviridae	GCF_900636325.1	NZ_LR134263.1
NZ_LR134263.1	NZ_LR134263.1_prophage2	1118363	1131932	False	Siphoviridae	GCF_900636325.1	NZ_LR134263.1
NZ_CP079105.1	NZ_CP079105.1_prophage1	1193835	1228317	False	Siphoviridae	GCF_019285775.1	NZ_CP079105.1
NZ_CP079105.1	NZ_CP079105.1_prophage2	3069598	3077269	False	Siphoviridae	GCF_019285775.1	NZ_CP079105.1
NZ_CP079105.1	NZ_CP079105.1_prophage3	3559520	3571412	True	Myoviridae	GCF_019285775.1	NZ_CP079105.1
NZ_LN831776.1	NZ_LN831776.1_prophage1	200896	230949	False	Siphoviridae	GCF_000981585.1	NZ_LN831776.1
NZ_LN831776.1	NZ_LN831776.1_prophage2	7073371	7096188	False	Myoviridae	GCF_000981585.1	NZ_LN831776.1
NZ_LN831776.1	NZ_LN831776.1_prophage3	7101668	7119165	False	Myoviridae	GCF_000981585.1	NZ_LN831776.1
NZ_CP124777.1	NZ_CP124777.1_prophage1	2868894	2904944	False	Myoviridae	GCF_030008055.1	NZ_CP124777.1
NZ_CP036455.1	NZ_CP036455.1_prophage1	1865889	1889349	False	Siphoviridae	GCF_004323735.1	NZ_CP036455.1
NZ_CP036456.1	NZ_CP036456.1_prophage1	26952	49798	False	Siphoviridae	GCF_004323735.1	NZ_CP036456.1
NZ_CP036456.1	NZ_CP036456.1_prophage2	77731	82261	False	Siphoviridae	GCF_004323735.1	NZ_CP036456.1
NZ_CP071839.1	NZ_CP071839.1_prophage1	1499815	1504544	False	Siphoviridae	GCF_017526105.1	NZ_CP071839.1
NZ_OY782884.1	NZ_OY782884.1_prophage1	367572	376469	False	Siphoviridae	GCF_963678435.1	NZ_OY782884.1
NZ_OY782884.1	NZ_OY782884.1_prophage2	825364	846267	False	Siphoviridae	GCF_963678435.1	NZ_OY782884.1
NZ_OY782884.1	NZ_OY782884.1_prophage3	2177329	2194836	False	Myoviridae	GCF_963678435.1	NZ_OY782884.1
NZ_LS483458.1	NZ_LS483458.1_prophage1	671360	679893	False	Siphoviridae	GCF_900477945.1	NZ_LS483458.1
NZ_LS483458.1	NZ_LS483458.1_prophage2	1460290	1495897	False	Siphoviridae	GCF_900477945.1	NZ_LS483458.1
NZ_CP045508.1	NZ_CP045508.1_prophage1	940319	944848	False	Unknown	GCF_013376475.1	NZ_CP045508.1
NZ_CP045508.1	NZ_CP045508.1_prophage2	3418147	3447489	True	Siphoviridae	GCF_013376475.1	NZ_CP045508.1
NZ_CP009471.1	NZ_CP009471.1_prophage1	349428	375269	False	Siphoviridae	GCF_001941525.1	NZ_CP009471.1
NZ_CP102289.1	NZ_CP102289.1_prophage1	1053641	1091816	False	Myoviridae	GCF_025151715.1	NZ_CP102289.1
NZ_CP102289.1	NZ_CP102289.1_prophage2	2407507	2432334	False	Siphoviridae	GCF_025151715.1	NZ_CP102289.1
NZ_CP018835.1	NZ_CP018835.1_prophage1	519740	529646	False	Myoviridae	GCF_002196515.1	NZ_CP018835.1
NZ_CP018836.1	NZ_CP018836.1_prophage1	440336	460697	False	Myoviridae	GCF_002196515.1	NZ_CP018836.1
NZ_CP022423.1	NZ_CP022423.1_prophage1	93999	135232	False	Siphoviridae	GCF_002222655.1	NZ_CP022423.1
NZ_CP022423.1	NZ_CP022423.1_prophage2	662901	717724	True	Siphoviridae	GCF_002222655.1	NZ_CP022423.1
NZ_CP022423.1	NZ_CP022423.1_prophage3	1114919	1145094	False	Siphoviridae	GCF_002222655.1	NZ_CP022423.1
NZ_CP022423.1	NZ_CP022423.1_prophage4	1586510	1617138	False	Siphoviridae	GCF_002222655.1	NZ_CP022423.1
NC_009767.1	NC_009767.1_prophage1	3632062	3662945	False	Myoviridae	GCF_000017805.1	NC_009767.1
NC_014915.1	NC_014915.1_prophage1	2966754	2991655	False	Siphoviridae	GCF_000174795.2	NC_014915.1
NC_014915.1	NC_014915.1_prophage2	2993516	3001468	False	Unknown	GCF_000174795.2	NC_014915.1
NZ_CP028859.1	NZ_CP028859.1_prophage1	1447230	1467378	False	Siphoviridae	GCF_003058445.1	NZ_CP028859.1
NZ_CP028859.1	NZ_CP028859.1_prophage2	3095187	3119668	False	Myoviridae	GCF_003058445.1	NZ_CP028859.1
NZ_CP028859.1	NZ_CP028859.1_prophage3	3124027	3129538	False	Unknown	GCF_003058445.1	NZ_CP028859.1
NC_015386.1	NC_015386.1_prophage1	8217	26092	False	Myoviridae	GCF_000195275.1	NC_015386.1
NZ_CP048103.1	NZ_CP048103.1_prophage1	26299	36319	False	Siphoviridae	GCF_013282215.1	NZ_CP048103.1
NZ_CP048103.1	NZ_CP048103.1_prophage2	63249	75683	False	Siphoviridae	GCF_013282215.1	NZ_CP048103.1
NC_017299.1	NC_017299.1_prophage1	2449811	2470080	False	Myoviridae	GCF_000253195.1	NC_017299.1
NC_017299.1	NC_017299.1_prophage2	2699073	2735675	False	Myoviridae	GCF_000253195.1	NC_017299.1
NZ_CP116615.1	NZ_CP116615.1_prophage1	1161920	1179848	False	Siphoviridae	GCF_024832785.1	NZ_CP116615.1
NC_008553.1	NC_008553.1_prophage1	770799	774400	False	Myoviridae	GCF_000014945.1	NC_008553.1
NZ_CP025228.1	NZ_CP025228.1_prophage1	2694550	2713410	False	Siphoviridae	GCF_004102025.1	NZ_CP025228.1
NZ_CP025228.1	NZ_CP025228.1_prophage2	2728375	2746971	False	Siphoviridae	GCF_004102025.1	NZ_CP025228.1
NC_003901.1	NC_003901.1_prophage1	903976	908619	False	Unknown	GCF_000007065.1	NC_003901.1
NC_015577.1	NC_015577.1_prophage1	1391781	1398844	False	Siphoviridae	GCF_000214355.1	NC_015577.1
NZ_CP117180.1	NZ_CP117180.1_prophage1	590321	591265	False	Myoviridae / Siphoviridae	GCF_033971325.1	NZ_CP117180.1
NZ_LR134490.1	NZ_LR134490.1_prophage1	954195	981646	False	Myoviridae	GCF_900638105.1	NZ_LR134490.1
NZ_LR134490.1	NZ_LR134490.1_prophage2	1325285	1358922	False	Myoviridae	GCF_900638105.1	NZ_LR134490.1
NZ_LR134490.1	NZ_LR134490.1_prophage3	1603146	1635162	False	Myoviridae	GCF_900638105.1	NZ_LR134490.1
NZ_CP106992.1	NZ_CP106992.1_prophage1	4803979	4820363	False	Myoviridae	GCF_028226775.1	NZ_CP106992.1
NZ_CP106992.1	NZ_CP106992.1_prophage2	4944419	4975565	False	Myoviridae	GCF_028226775.1	NZ_CP106992.1
NZ_CP106992.1	NZ_CP106992.1_prophage3	5519892	5532332	False	Myoviridae	GCF_028226775.1	NZ_CP106992.1
NC_014926.1	NC_014926.1_prophage1	15220	32368	False	Siphoviridae	GCF_000185805.1	NC_014926.1
NC_014926.1	NC_014926.1_prophage2	39557	42868	False	Siphoviridae	GCF_000185805.1	NC_014926.1
NZ_CP009933.1	NZ_CP009933.1_prophage1	1530740	1552664	False	Myoviridae	GCF_000968375.1	NZ_CP009933.1
NZ_CP009933.1	NZ_CP009933.1_prophage2	2982634	2999675	False	Myoviridae	GCF_000968375.1	NZ_CP009933.1
NZ_CP009933.1	NZ_CP009933.1_prophage3	3286137	3288848	False	Unknown	GCF_000968375.1	NZ_CP009933.1
NZ_CP009933.1	NZ_CP009933.1_prophage4	5607897	5641626	False	Siphoviridae	GCF_000968375.1	NZ_CP009933.1
NZ_CP036259.1	NZ_CP036259.1_prophage1	1686375	1703887	False	Myoviridae / Siphoviridae	GCF_007641255.1	NZ_CP036259.1
NZ_CP036259.1	NZ_CP036259.1_prophage2	2832399	2855452	False	Podoviridae	GCF_007641255.1	NZ_CP036259.1
NZ_CP082323.1	NZ_CP082323.1_prophage1	1418441	1427880	False	Myoviridae / Siphoviridae	GCF_019884805.1	NZ_CP082323.1
NC_020210.1	NC_020210.1_prophage1	798881	806495	True	Myoviridae	GCF_000336445.1	NC_020210.1
NZ_CP019240.1	NZ_CP019240.1_prophage1	2082904	2093099	False	Unknown	GCF_001955735.1	NZ_CP019240.1
NZ_CP019240.1	NZ_CP019240.1_prophage2	2428358	2441000	True	Siphoviridae	GCF_001955735.1	NZ_CP019240.1
NZ_CP019240.1	NZ_CP019240.1_prophage3	2595224	2599612	False	Siphoviridae	GCF_001955735.1	NZ_CP019240.1
NZ_CP019240.1	NZ_CP019240.1_prophage4	2970281	2980797	False	Myoviridae	GCF_001955735.1	NZ_CP019240.1
NZ_CP027782.1	NZ_CP027782.1_prophage1	1005230	1015577	False	Myoviridae / Siphoviridae	GCF_003013635.1	NZ_CP027782.1
NZ_CP027782.1	NZ_CP027782.1_prophage2	1027581	1034892	False	Siphoviridae	GCF_003013635.1	NZ_CP027782.1
NC_011901.1	NC_011901.1_prophage1	439533	467059	True	Unknown	GCF_000021985.1	NC_011901.1
NC_011901.1	NC_011901.1_prophage2	1735425	1761059	False	Myoviridae	GCF_000021985.1	NC_011901.1
NC_011901.1	NC_011901.1_prophage3	1875810	1879064	False	Siphoviridae	GCF_000021985.1	NC_011901.1
NC_011901.1	NC_011901.1_prophage4	3419575	3427805	False	Inoviridae	GCF_000021985.1	NC_011901.1
NZ_CP093311.1	NZ_CP093311.1_prophage1	2256305	2260137	False	Unknown	GCF_024498955.1	NZ_CP093311.1
NZ_CP072943.1	NZ_CP072943.1_prophage1	1046015	1082004	False	Siphoviridae	GCF_018069705.1	NZ_CP072943.1
NZ_CP072943.1	NZ_CP072943.1_prophage2	1085590	1107539	True	Siphoviridae	GCF_018069705.1	NZ_CP072943.1
NZ_CP072943.1	NZ_CP072943.1_prophage3	1407306	1428537	True	Unknown	GCF_018069705.1	NZ_CP072943.1
NZ_CP075964.1	NZ_CP075964.1_prophage1	1230506	1250896	False	Siphoviridae	GCF_020138655.1	NZ_CP075964.1
NZ_CP075964.1	NZ_CP075964.1_prophage2	1386185	1398838	False	Siphoviridae	GCF_020138655.1	NZ_CP075964.1
NZ_CP048279.1	NZ_CP048279.1_prophage1	985036	994390	False	Siphoviridae	GCF_010365305.1	NZ_CP048279.1
NZ_CP048279.1	NZ_CP048279.1_prophage2	1209049	1244688	False	Siphoviridae	GCF_010365305.1	NZ_CP048279.1
NZ_CP048279.1	NZ_CP048279.1_prophage3	1253619	1272468	False	Siphoviridae	GCF_010365305.1	NZ_CP048279.1
NZ_CP048279.1	NZ_CP048279.1_prophage4	2575270	2614966	False	Siphoviridae	GCF_010365305.1	NZ_CP048279.1
NZ_OY763931.1	NZ_OY763931.1_prophage1	956603	962713	False	Podoviridae	GCF_963667685.1	NZ_OY763931.1
NZ_CP128988.1	NZ_CP128988.1_prophage1	24871	34226	False	Inoviridae	GCF_030406045.1	NZ_CP128988.1
NZ_CP077717.1	NZ_CP077717.1_prophage1	2843122	2849800	False	Fuselloviridae	GCF_019175345.1	NZ_CP077717.1
NC_011059.1	NC_011059.1_prophage1	2485444	2493071	True	Unknown	GCF_000020625.1	NC_011059.1
NC_019977.1	NC_019977.1_prophage1	1602423	1614847	False	Myoviridae	GCF_000328665.1	NC_019977.1
NZ_LT907978.1	NZ_LT907978.1_prophage1	2290865	2308952	False	Siphoviridae	GCF_900209925.1	NZ_LT907978.1
NC_019897.1	NC_019897.1_prophage1	2464103	2466393	False	Unknown	GCF_000227705.2	NC_019897.1
NZ_CP009238.1	NZ_CP009238.1_prophage1	1588963	1623753	False	Podoviridae	GCF_000743945.1	NZ_CP009238.1
NZ_CP115484.1	NZ_CP115484.1_prophage1	1137838	1159473	False	Myoviridae / Siphoviridae	GCF_027627475.1	NZ_CP115484.1
NZ_CP115484.1	NZ_CP115484.1_prophage2	4434015	4452979	False	Myoviridae	GCF_027627475.1	NZ_CP115484.1
NZ_CP115484.1	NZ_CP115484.1_prophage3	5665924	5705217	False	Myoviridae	GCF_027627475.1	NZ_CP115484.1
NZ_AP018558.1	NZ_AP018558.1_prophage1	1016230	1049943	False	Myoviridae	GCF_003574215.1	NZ_AP018558.1
NC_020449.1	NC_020449.1_prophage1	249691	264688	False	Siphoviridae	GCF_000146065.2	NC_020449.1
NC_020449.1	NC_020449.1_prophage2	527864	551142	False	Myoviridae	GCF_000146065.2	NC_020449.1
NZ_CP065983.1	NZ_CP065983.1_prophage1	1180672	1189534	False	Siphoviridae	GCF_016127115.1	NZ_CP065983.1
NZ_CP065983.1	NZ_CP065983.1_prophage2	1548609	1581353	False	Siphoviridae	GCF_016127115.1	NZ_CP065983.1
NZ_CP065983.1	NZ_CP065983.1_prophage3	1586554	1615824	False	Siphoviridae	GCF_016127115.1	NZ_CP065983.1
NZ_CP063196.1	NZ_CP063196.1_prophage1	2201988	2210586	False	Myoviridae	GCF_003574835.2	NZ_CP063196.1
NZ_CP013686.1	NZ_CP013686.1_prophage1	2881378	2887617	False	Siphoviridae	GCF_001921905.1	NZ_CP013686.1
NZ_CP013686.1	NZ_CP013686.1_prophage2	3581706	3612342	False	Siphoviridae	GCF_001921905.1	NZ_CP013686.1
NC_013385.1	NC_013385.1_prophage1	106209	119307	True	Unknown	GCF_000024605.1	NC_013385.1
NC_013385.1	NC_013385.1_prophage2	711506	720637	False	Siphoviridae	GCF_000024605.1	NC_013385.1
NZ_AP022873.1	NZ_AP022873.1_prophage1	1701581	1707624	False	Siphoviridae	GCF_014701235.1	NZ_AP022873.1
NZ_CP112872.1	NZ_CP112872.1_prophage1	2512357	2521128	False	Siphoviridae	GCF_026410065.1	NZ_CP112872.1
NZ_CP112872.1	NZ_CP112872.1_prophage2	3210184	3224397	False	Siphoviridae	GCF_026410065.1	NZ_CP112872.1
NZ_CP096980.1	NZ_CP096980.1_prophage1	1415653	1435991	False	Siphoviridae	GCF_002006355.2	NZ_CP096980.1
NZ_CP096980.1	NZ_CP096980.1_prophage2	1945700	1967101	True	Siphoviridae	GCF_002006355.2	NZ_CP096980.1
NZ_CP106878.1	NZ_CP106878.1_prophage1	623147	650639	True	Siphoviridae	GCF_026547225.1	NZ_CP106878.1
NZ_CP106878.1	NZ_CP106878.1_prophage2	1150709	1188867	False	Siphoviridae	GCF_026547225.1	NZ_CP106878.1
NZ_CP054698.1	NZ_CP054698.1_prophage1	6109254	6116863	False	Myoviridae	GCF_014023275.1	NZ_CP054698.1
NZ_OY763420.1	NZ_OY763420.1_prophage1	1126399	1154692	False	Siphoviridae	GCF_963667585.1	NZ_OY763420.1
NZ_OY763420.1	NZ_OY763420.1_prophage2	1579927	1592887	False	Siphoviridae	GCF_963667585.1	NZ_OY763420.1
NZ_OY763420.1	NZ_OY763420.1_prophage3	1889043	1917074	False	Siphoviridae	GCF_963667585.1	NZ_OY763420.1
NZ_OY763420.1	NZ_OY763420.1_prophage4	2008367	2034962	False	Podoviridae	GCF_963667585.1	NZ_OY763420.1
NZ_CP102271.1	NZ_CP102271.1_prophage1	1247798	1263770	False	Unknown	GCF_025148785.1	NZ_CP102271.1
NZ_CP102271.1	NZ_CP102271.1_prophage2	1336147	1352294	False	Siphoviridae	GCF_025148785.1	NZ_CP102271.1
NZ_CP102271.1	NZ_CP102271.1_prophage3	1581072	1589031	False	Siphoviridae	GCF_025148785.1	NZ_CP102271.1
NZ_CP102271.1	NZ_CP102271.1_prophage4	1592258	1601838	False	Siphoviridae	GCF_025148785.1	NZ_CP102271.1
NZ_CP060395.1	NZ_CP060395.1_prophage1	2025389	2031975	False	Siphoviridae	GCF_015840335.1	NZ_CP060395.1
NZ_CP068055.1	NZ_CP068055.1_prophage1	54442	85271	False	Myoviridae	GCF_016724805.1	NZ_CP068055.1
NZ_CP068055.1	NZ_CP068055.1_prophage2	2194104	2216768	False	Podoviridae	GCF_016724805.1	NZ_CP068055.1
NZ_CP068055.1	NZ_CP068055.1_prophage3	2225779	2234057	False	Unknown	GCF_016724805.1	NZ_CP068055.1
NC_011027.1	NC_011027.1_prophage1	979930	987600	False	Myoviridae	GCF_000020505.1	NC_011027.1
NZ_CP022203.1	NZ_CP022203.1_prophage1	1830206	1841799	False	Myoviridae	GCF_002305895.1	NZ_CP022203.1
NZ_CP022203.1	NZ_CP022203.1_prophage2	1845145	1851366	False	Unknown	GCF_002305895.1	NZ_CP022203.1
NZ_CP022203.1	NZ_CP022203.1_prophage3	1853023	1860159	False	Siphoviridae	GCF_002305895.1	NZ_CP022203.1
NZ_CP022203.1	NZ_CP022203.1_prophage4	2259596	2264843	False	Myoviridae	GCF_002305895.1	NZ_CP022203.1
NZ_CP022203.1	NZ_CP022203.1_prophage5	2285527	2303084	False	Siphoviridae / Podoviridae	GCF_002305895.1	NZ_CP022203.1
NC_007503.1	NC_007503.1_prophage1	1488540	1519181	False	Siphoviridae	GCF_000012865.1	NC_007503.1
NZ_LR699010.1	NZ_LR699010.1_prophage1	1951866	1985952	False	Myoviridae	GCF_902387945.1	NZ_LR699010.1
NZ_LR699010.1	NZ_LR699010.1_prophage2	2116088	2145620	True	Myoviridae	GCF_902387945.1	NZ_LR699010.1
NZ_AP024085.1	NZ_AP024085.1_prophage1	1122241	1124082	False	Siphoviridae	GCF_015097455.1	NZ_AP024085.1
NZ_AP024085.1	NZ_AP024085.1_prophage2	1294898	1299929	False	Siphoviridae / Inoviridae	GCF_015097455.1	NZ_AP024085.1
NZ_AP024085.1	NZ_AP024085.1_prophage3	1311873	1327912	False	Siphoviridae	GCF_015097455.1	NZ_AP024085.1
NZ_CP022657.1	NZ_CP022657.1_prophage1	696347	730859	False	Myoviridae	GCF_002243515.1	NZ_CP022657.1
NZ_CP022657.1	NZ_CP022657.1_prophage2	1293853	1297828	False	Podoviridae	GCF_002243515.1	NZ_CP022657.1
NZ_CP022657.1	NZ_CP022657.1_prophage3	2719141	2737982	False	Myoviridae	GCF_002243515.1	NZ_CP022657.1
NZ_CP022657.1	NZ_CP022657.1_prophage4	3009309	3025835	False	Myoviridae	GCF_002243515.1	NZ_CP022657.1
NZ_CP022657.1	NZ_CP022657.1_prophage5	4259544	4281549	False	Myoviridae	GCF_002243515.1	NZ_CP022657.1
NZ_CP102453.1	NZ_CP102453.1_prophage1	905103	938699	False	Siphoviridae	GCF_024661895.1	NZ_CP102453.1
NZ_CP012590.1	NZ_CP012590.1_prophage1	230176	235003	False	Podoviridae	GCF_001278845.1	NZ_CP012590.1
NZ_CP117797.1	NZ_CP117797.1_prophage1	861967	874478	False	Myoviridae	GCF_028657925.1	NZ_CP117797.1
NC_008789.1	NC_008789.1_prophage1	1398527	1411427	True	Myoviridae / Siphoviridae	GCF_000015585.1	NC_008789.1
NZ_CP102917.1	NZ_CP102917.1_prophage1	574490	599215	False	Siphoviridae	GCF_028416695.1	NZ_CP102917.1
NZ_CP102917.1	NZ_CP102917.1_prophage2	1572551	1584044	False	Siphoviridae	GCF_028416695.1	NZ_CP102917.1
NZ_CP102917.1	NZ_CP102917.1_prophage3	2458140	2477664	False	Siphoviridae	GCF_028416695.1	NZ_CP102917.1
NZ_CP102917.1	NZ_CP102917.1_prophage4	2541775	2579334	False	Myoviridae	GCF_028416695.1	NZ_CP102917.1
NZ_CP035282.1	NZ_CP035282.1_prophage1	82086	96416	True	Unknown	GCF_004103715.1	NZ_CP035282.1
NZ_CP035282.1	NZ_CP035282.1_prophage2	3341919	3384176	True	Siphoviridae	GCF_004103715.1	NZ_CP035282.1
NZ_CP060414.1	NZ_CP060414.1_prophage1	378608	396738	True	Myoviridae	GCF_014297595.1	NZ_CP060414.1
NZ_CP060414.1	NZ_CP060414.1_prophage2	1038080	1084099	False	Myoviridae	GCF_014297595.1	NZ_CP060414.1
NZ_CP060414.1	NZ_CP060414.1_prophage3	1132989	1166278	False	Myoviridae	GCF_014297595.1	NZ_CP060414.1
NZ_CP060414.1	NZ_CP060414.1_prophage4	1415231	1423350	False	Myoviridae / Siphoviridae	GCF_014297595.1	NZ_CP060414.1
NZ_CP060414.1	NZ_CP060414.1_prophage5	1666689	1706879	False	Siphoviridae	GCF_014297595.1	NZ_CP060414.1
NZ_CP060414.1	NZ_CP060414.1_prophage6	1833621	1853521	False	Myoviridae	GCF_014297595.1	NZ_CP060414.1
NZ_CP097810.1	NZ_CP097810.1_prophage1	1219721	1237254	True	Siphoviridae	GCF_000364165.2	NZ_CP097810.1
NZ_CP097810.1	NZ_CP097810.1_prophage2	1584720	1601444	False	Myoviridae	GCF_000364165.2	NZ_CP097810.1
NZ_CP097810.1	NZ_CP097810.1_prophage3	1789944	1801917	False	Unknown	GCF_000364165.2	NZ_CP097810.1
NZ_CP097810.1	NZ_CP097810.1_prophage4	1924939	1948987	False	Myoviridae	GCF_000364165.2	NZ_CP097810.1
NZ_CP097810.1	NZ_CP097810.1_prophage5	2341487	2372786	False	Myoviridae	GCF_000364165.2	NZ_CP097810.1
NZ_CP097810.1	NZ_CP097810.1_prophage6	2645025	2648080	True	Siphoviridae	GCF_000364165.2	NZ_CP097810.1
NZ_CP097810.1	NZ_CP097810.1_prophage7	2667897	2680845	False	Myoviridae	GCF_000364165.2	NZ_CP097810.1
NZ_CP097810.1	NZ_CP097810.1_prophage8	2810958	2813659	False	Myoviridae	GCF_000364165.2	NZ_CP097810.1
NC_019765.1	NC_019765.1_prophage1	75111	79140	True	Unknown	GCF_000317575.1	NC_019765.1
NZ_CP017019.1	NZ_CP017019.1_prophage1	440035	452484	False	Siphoviridae	GCF_001729945.1	NZ_CP017019.1
NZ_CP017019.1	NZ_CP017019.1_prophage2	530230	537884	False	Unknown	GCF_001729945.1	NZ_CP017019.1
NZ_CP072683.1	NZ_CP072683.1_prophage1	1174501	1212998	False	Myoviridae	GCF_023716725.1	NZ_CP072683.1
NZ_CP072684.1	NZ_CP072684.1_prophage1	314818	339669	False	Myoviridae	GCF_023716725.1	NZ_CP072684.1
NZ_CP072685.1	NZ_CP072685.1_prophage1	81326	101791	False	Myoviridae	GCF_023716725.1	NZ_CP072685.1
NC_015437.1	NC_015437.1_prophage1	699994	705227	False	Siphoviridae	GCF_000208405.1	NC_015437.1
NC_015437.1	NC_015437.1_prophage2	1477025	1514109	False	Myoviridae	GCF_000208405.1	NC_015437.1
NC_015437.1	NC_015437.1_prophage3	2275501	2277764	False	Unknown	GCF_000208405.1	NC_015437.1
NZ_CP139194.1	NZ_CP139194.1_prophage1	4364402	4394036	False	Myoviridae	GCF_034055775.1	NZ_CP139194.1
NZ_OV788641.1	NZ_OV788641.1_prophage1	2110181	2121226	False	Unknown	GCF_928721695.1	NZ_OV788641.1
NZ_CP019913.2	NZ_CP019913.2_prophage1	703618	716062	False	Siphoviridae / Podoviridae	GCF_002009335.2	NZ_CP019913.2
NZ_CP019913.2	NZ_CP019913.2_prophage2	1899573	1902186	False	Myoviridae	GCF_002009335.2	NZ_CP019913.2
NC_004757.1	NC_004757.1_prophage1	1377547	1386058	True	Siphoviridae	GCF_000009145.1	NC_004757.1
NC_004757.1	NC_004757.1_prophage2	2762573	2781526	True	Unknown	GCF_000009145.1	NC_004757.1
NZ_CP014239.1	NZ_CP014239.1_prophage1	37781	71413	False	Myoviridae / Siphoviridae	GCF_001554015.1	NZ_CP014239.1
NZ_CP014239.1	NZ_CP014239.1_prophage2	82649	117039	False	Siphoviridae	GCF_001554015.1	NZ_CP014239.1
NZ_CP014239.1	NZ_CP014239.1_prophage3	852782	888999	False	Myoviridae	GCF_001554015.1	NZ_CP014239.1
NZ_CP014239.1	NZ_CP014239.1_prophage4	1233669	1261937	False	Myoviridae	GCF_001554015.1	NZ_CP014239.1
NZ_CP143431.1	NZ_CP143431.1_prophage1	2507851	2532859	False	Myoviridae / Siphoviridae	GCF_036324485.1	NZ_CP143431.1
NZ_CP143431.1	NZ_CP143431.1_prophage2	4129120	4151563	False	Myoviridae / Siphoviridae	GCF_036324485.1	NZ_CP143431.1
NZ_OY782507.1	NZ_OY782507.1_prophage1	790198	802419	False	Siphoviridae	GCF_963677725.1	NZ_OY782507.1
NZ_OX458333.1	NZ_OX458333.1_prophage1	1118144	1127542	False	Unknown	GCF_949769195.1	NZ_OX458333.1
NC_007759.1	NC_007759.1_prophage1	525775	559692	False	Myoviridae	GCF_000013405.1	NC_007759.1
NC_007759.1	NC_007759.1_prophage2	1704846	1711199	False	Siphoviridae	GCF_000013405.1	NC_007759.1
NZ_CP027862.1	NZ_CP027862.1_prophage1	390591	401560	False	Siphoviridae	GCF_003111765.1	NZ_CP027862.1
NZ_CP062983.1	NZ_CP062983.1_prophage1	4833070	4840230	False	Siphoviridae	GCF_015500095.1	NZ_CP062983.1
NC_019680.1	NC_019680.1_prophage1	1110528	1136119	False	Siphoviridae	GCF_000316685.1	NC_019680.1
NZ_LR792683.1	NZ_LR792683.1_prophage1	1324031	1337433	False	Siphoviridae	GCF_902829275.1	NZ_LR792683.1
NZ_CP110921.1	NZ_CP110921.1_prophage1	17968	30426	False	Siphoviridae	GCF_026247885.1	NZ_CP110921.1
NZ_CP110921.1	NZ_CP110921.1_prophage2	1793947	1802118	True	Siphoviridae	GCF_026247885.1	NZ_CP110921.1
NZ_CP110921.1	NZ_CP110921.1_prophage3	1924104	1957254	False	Siphoviridae	GCF_026247885.1	NZ_CP110921.1
NZ_CP110921.1	NZ_CP110921.1_prophage4	2520489	2561608	True	Siphoviridae	GCF_026247885.1	NZ_CP110921.1
NZ_CP110921.1	NZ_CP110921.1_prophage5	3213273	3234661	False	Siphoviridae	GCF_026247885.1	NZ_CP110921.1
NZ_CP110921.1	NZ_CP110921.1_prophage6	3246446	3273803	False	Siphoviridae	GCF_026247885.1	NZ_CP110921.1
NZ_CP108350.1	NZ_CP108350.1_prophage1	1876745	1913320	False	Siphoviridae	GCF_036237235.1	NZ_CP108350.1
NZ_CP108350.1	NZ_CP108350.1_prophage2	2655442	2671778	False	Inoviridae	GCF_036237235.1	NZ_CP108350.1
NZ_CP108350.1	NZ_CP108350.1_prophage3	3320034	3335098	False	Siphoviridae	GCF_036237235.1	NZ_CP108350.1
NZ_CP108350.1	NZ_CP108350.1_prophage4	8058789	8071674	False	Siphoviridae	GCF_036237235.1	NZ_CP108350.1
NZ_CP108350.1	NZ_CP108350.1_prophage5	8891070	8893536	False	Myoviridae	GCF_036237235.1	NZ_CP108350.1
NC_014212.1	NC_014212.1_prophage1	1897823	1900641	False	Unknown	GCF_000092125.1	NC_014212.1
NZ_CP028102.1	NZ_CP028102.1_prophage1	1303308	1316679	False	Myoviridae	GCF_003019315.1	NZ_CP028102.1
NZ_CP028102.1	NZ_CP028102.1_prophage2	1447586	1452046	False	Unknown	GCF_003019315.1	NZ_CP028102.1
NZ_CP028102.1	NZ_CP028102.1_prophage3	1452367	1455131	False	Unknown	GCF_003019315.1	NZ_CP028102.1
NZ_CP102197.1	NZ_CP102197.1_prophage1	2241932	2270115	False	Unknown	GCF_024584435.1	NZ_CP102197.1
NZ_CP080627.1	NZ_CP080627.1_prophage1	1746048	1754328	False	Unknown	GCF_025917315.1	NZ_CP080627.1
NZ_CP080628.1	NZ_CP080628.1_prophage1	4	11243	False	Myoviridae / Siphoviridae	GCF_025917315.1	NZ_CP080628.1
NZ_CP042829.1	NZ_CP042829.1_prophage1	421331	434684	False	Siphoviridae	GCF_008838325.1	NZ_CP042829.1
NZ_CP042829.1	NZ_CP042829.1_prophage2	2177026	2184225	False	Siphoviridae	GCF_008838325.1	NZ_CP042829.1
NC_009943.1	NC_009943.1_prophage1	273251	292510	False	Myoviridae	GCF_000018405.1	NC_009943.1
NZ_CP061336.1	NZ_CP061336.1_prophage1	330840	359149	False	Myoviridae	GCF_005473905.2	NZ_CP061336.1
NZ_CP061336.1	NZ_CP061336.1_prophage2	3175165	3181071	False	Myoviridae	GCF_005473905.2	NZ_CP061336.1
NZ_CP061336.1	NZ_CP061336.1_prophage3	3874579	3917899	False	Siphoviridae	GCF_005473905.2	NZ_CP061336.1
NZ_CP061336.1	NZ_CP061336.1_prophage4	4076047	4110805	True	Siphoviridae	GCF_005473905.2	NZ_CP061336.1
NZ_CP061336.1	NZ_CP061336.1_prophage5	4744671	4767145	False	Siphoviridae	GCF_005473905.2	NZ_CP061336.1
NZ_CP048829.1	NZ_CP048829.1_prophage1	399870	448534	True	Siphoviridae	GCF_019355395.1	NZ_CP048829.1
NZ_CP048829.1	NZ_CP048829.1_prophage2	501599	508570	False	Siphoviridae	GCF_019355395.1	NZ_CP048829.1
NZ_CP048829.1	NZ_CP048829.1_prophage3	1389683	1409918	False	Myoviridae	GCF_019355395.1	NZ_CP048829.1
NZ_CP048829.1	NZ_CP048829.1_prophage4	2481671	2537945	True	Siphoviridae	GCF_019355395.1	NZ_CP048829.1
NZ_CP022129.1	NZ_CP022129.1_prophage1	1980460	1987551	False	Unknown	GCF_002209385.1	NZ_CP022129.1
NZ_CP022129.1	NZ_CP022129.1_prophage2	2987863	2991193	False	Unknown	GCF_002209385.1	NZ_CP022129.1
NZ_CP103300.1	NZ_CP103300.1_prophage1	704247	780863	False	Siphoviridae	GCF_025562755.1	NZ_CP103300.1
NZ_CP103300.1	NZ_CP103300.1_prophage2	1857168	1930487	False	Siphoviridae	GCF_025562755.1	NZ_CP103300.1
NZ_CP103300.1	NZ_CP103300.1_prophage3	3724560	3757096	False	Myoviridae	GCF_025562755.1	NZ_CP103300.1
NZ_CP103300.1	NZ_CP103300.1_prophage4	3816851	3911190	True	Unknown	GCF_025562755.1	NZ_CP103300.1
NZ_CP103300.1	NZ_CP103300.1_prophage5	6342158	6356836	False	Myoviridae	GCF_025562755.1	NZ_CP103300.1
NZ_CP103300.1	NZ_CP103300.1_prophage6	6362120	6372937	False	Siphoviridae	GCF_025562755.1	NZ_CP103300.1
NZ_CP103300.1	NZ_CP103300.1_prophage7	6405613	6410908	False	Unknown	GCF_025562755.1	NZ_CP103300.1
NC_008554.1	NC_008554.1_prophage1	2287931	2313554	False	Siphoviridae	GCF_000014965.1	NC_008554.1
NC_008554.1	NC_008554.1_prophage2	4633929	4698509	True	Myoviridae	GCF_000014965.1	NC_008554.1
NZ_AP025585.1	NZ_AP025585.1_prophage1	689568	725934	False	Siphoviridae	GCF_022846135.1	NZ_AP025585.1
NZ_AP025585.1	NZ_AP025585.1_prophage2	975951	977484	False	Unknown	GCF_022846135.1	NZ_AP025585.1
NZ_AP025585.1	NZ_AP025585.1_prophage3	1239579	1276629	False	Podoviridae	GCF_022846135.1	NZ_AP025585.1
NZ_AP025585.1	NZ_AP025585.1_prophage4	1488296	1504644	False	Siphoviridae	GCF_022846135.1	NZ_AP025585.1
NZ_AP025585.1	NZ_AP025585.1_prophage5	1516508	1546443	False	Siphoviridae	GCF_022846135.1	NZ_AP025585.1
NZ_CP018477.1	NZ_CP018477.1_prophage1	304583	314743	False	Unknown	GCF_002277955.1	NZ_CP018477.1
NZ_CP018477.1	NZ_CP018477.1_prophage2	481168	504037	False	Myoviridae	GCF_002277955.1	NZ_CP018477.1
NC_002570.2	NC_002570.2_prophage1	1027868	1038902	False	Siphoviridae	GCF_000011145.1	NC_002570.2
NC_002570.2	NC_002570.2_prophage2	3625320	3655580	False	Siphoviridae	GCF_000011145.1	NC_002570.2
NZ_CP039292.1	NZ_CP039292.1_prophage1	2360096	2386639	False	Siphoviridae	GCF_004798665.1	NZ_CP039292.1
NZ_CP039292.1	NZ_CP039292.1_prophage2	3185982	3208050	False	Siphoviridae	GCF_004798665.1	NZ_CP039292.1
NZ_CP039292.1	NZ_CP039292.1_prophage3	3326307	3356563	False	Siphoviridae	GCF_004798665.1	NZ_CP039292.1
NZ_CP039292.1	NZ_CP039292.1_prophage4	3468866	3493117	False	Siphoviridae	GCF_004798665.1	NZ_CP039292.1
NC_013216.1	NC_013216.1_prophage1	1577224	1580686	True	Unknown	GCF_000024205.1	NC_013216.1
NC_013216.1	NC_013216.1_prophage2	1975453	1997976	False	Siphoviridae	GCF_000024205.1	NC_013216.1
NC_013216.1	NC_013216.1_prophage3	2599569	2618318	False	Siphoviridae	GCF_000024205.1	NC_013216.1
NC_013216.1	NC_013216.1_prophage4	3859457	3870521	True	Siphoviridae	GCF_000024205.1	NC_013216.1
NC_013216.1	NC_013216.1_prophage5	4073637	4083548	False	Siphoviridae	GCF_000024205.1	NC_013216.1
NC_013216.1	NC_013216.1_prophage6	4387970	4420703	False	Myoviridae	GCF_000024205.1	NC_013216.1
NZ_CP092473.1	NZ_CP092473.1_prophage1	1203685	1234393	False	Siphoviridae	GCF_014287515.2	NZ_CP092473.1
NZ_CP092473.1	NZ_CP092473.1_prophage2	1882729	1897791	False	Siphoviridae	GCF_014287515.2	NZ_CP092473.1
NZ_CP092473.1	NZ_CP092473.1_prophage3	3519770	3524812	False	Siphoviridae	GCF_014287515.2	NZ_CP092473.1
NZ_AP021876.1	NZ_AP021876.1_prophage1	808067	824010	False	Siphoviridae	GCF_009688985.1	NZ_AP021876.1
NZ_AP021876.1	NZ_AP021876.1_prophage2	1067866	1071701	False	Unknown	GCF_009688985.1	NZ_AP021876.1
NZ_AP021876.1	NZ_AP021876.1_prophage3	3153534	3159687	False	Myoviridae	GCF_009688985.1	NZ_AP021876.1
NZ_AP021876.1	NZ_AP021876.1_prophage4	5717453	5733384	False	Siphoviridae	GCF_009688985.1	NZ_AP021876.1
NZ_AP021876.1	NZ_AP021876.1_prophage5	7730942	7745407	True	Unknown	GCF_009688985.1	NZ_AP021876.1
NZ_CP071793.1	NZ_CP071793.1_prophage1	5621891	5649212	False	Myoviridae	GCF_017498545.1	NZ_CP071793.1
NZ_CP071793.1	NZ_CP071793.1_prophage2	5668763	5677959	False	Myoviridae	GCF_017498545.1	NZ_CP071793.1
NZ_OY760916.1	NZ_OY760916.1_prophage1	4252027	4257412	False	Myoviridae	GCF_963664075.1	NZ_OY760916.1
NZ_CP067420.1	NZ_CP067420.1_prophage1	3972978	3976476	False	Siphoviridae	GCF_016653635.2	NZ_CP067420.1
NC_016622.1	NC_016622.1_prophage1	1669092	1675047	False	Unknown	GCF_000283655.1	NC_016622.1
NC_016622.1	NC_016622.1_prophage2	1867314	1874494	False	Unknown	GCF_000283655.1	NC_016622.1
NC_016585.1	NC_016585.1_prophage1	428203	446112	False	Siphoviridae	GCF_000283655.1	NC_016585.1
NC_016586.1	NC_016586.1_prophage1	17781	37489	False	Unknown	GCF_000283655.1	NC_016586.1
NZ_CP090009.1	NZ_CP090009.1_prophage1	608928	666839	False	Myoviridae	GCF_021391355.1	NZ_CP090009.1
NZ_CP090009.1	NZ_CP090009.1_prophage2	815228	848272	False	Myoviridae	GCF_021391355.1	NZ_CP090009.1
NZ_CP090009.1	NZ_CP090009.1_prophage3	1090484	1121185	False	Myoviridae	GCF_021391355.1	NZ_CP090009.1
NZ_CP090009.1	NZ_CP090009.1_prophage4	1926904	1951676	False	Siphoviridae	GCF_021391355.1	NZ_CP090009.1
NZ_CP049055.1	NZ_CP049055.1_prophage1	1669489	1680903	False	Myoviridae	GCF_011066545.1	NZ_CP049055.1
NZ_CP046131.1	NZ_CP046131.1_prophage1	2152974	2159389	False	Siphoviridae	GCF_017584225.1	NZ_CP046131.1
NZ_ABIZ01000001.1	NZ_ABIZ01000001.1_prophage1	7331533	7340224	False	Siphoviridae	GCF_000172155.1	NZ_ABIZ01000001.1
NZ_CP065707.1	NZ_CP065707.1_prophage1	426919	463096	True	Siphoviridae	GCF_016028255.1	NZ_CP065707.1
NZ_CP053675.1	NZ_CP053675.1_prophage1	75731	82503	False	Myoviridae	GCF_013181395.1	NZ_CP053675.1
NZ_CP053675.1	NZ_CP053675.1_prophage2	209880	218892	False	Unknown	GCF_013181395.1	NZ_CP053675.1
NZ_CP053675.1	NZ_CP053675.1_prophage3	2080912	2087778	False	Unknown	GCF_013181395.1	NZ_CP053675.1
NZ_CP118735.1	NZ_CP118735.1_prophage1	432744	477382	True	Siphoviridae	GCF_032595075.1	NZ_CP118735.1
NZ_CP118735.1	NZ_CP118735.1_prophage2	548503	586344	False	Siphoviridae	GCF_032595075.1	NZ_CP118735.1
NZ_CP091508.1	NZ_CP091508.1_prophage1	1020398	1064320	False	Myoviridae	GCF_022870865.1	NZ_CP091508.1
NZ_CP091508.1	NZ_CP091508.1_prophage2	2031660	2043218	False	Myoviridae / Siphoviridae	GCF_022870865.1	NZ_CP091508.1
NZ_CP141279.1	NZ_CP141279.1_prophage1	423224	437775	False	Myoviridae	GCF_035321765.1	NZ_CP141279.1
NZ_CP050251.1	NZ_CP050251.1_prophage1	1330755	1350526	False	Myoviridae	GCF_022833145.1	NZ_CP050251.1
NZ_CP050251.1	NZ_CP050251.1_prophage2	2227692	2239185	False	Siphoviridae	GCF_022833145.1	NZ_CP050251.1
NZ_CP033719.1	NZ_CP033719.1_prophage1	120658	139455	False	Myoviridae / Siphoviridae	GCF_003798325.1	NZ_CP033719.1
NZ_CP033719.1	NZ_CP033719.1_prophage2	1758281	1767384	False	Siphoviridae	GCF_003798325.1	NZ_CP033719.1
NZ_CP061202.1	NZ_CP061202.1_prophage1	1639832	1646879	False	Siphoviridae	GCF_014622665.1	NZ_CP061202.1
NZ_CP061202.1	NZ_CP061202.1_prophage2	1743997	1749190	False	Siphoviridae	GCF_014622665.1	NZ_CP061202.1
NZ_CP061202.1	NZ_CP061202.1_prophage3	2269439	2281264	False	Siphoviridae	GCF_014622665.1	NZ_CP061202.1
NZ_CP061202.1	NZ_CP061202.1_prophage4	2623350	2645996	False	Siphoviridae	GCF_014622665.1	NZ_CP061202.1
NZ_CP101827.1	NZ_CP101827.1_prophage1	592025	594856	False	Podoviridae	GCF_024498295.1	NZ_CP101827.1
NZ_CP022961.1	NZ_CP022961.1_prophage1	3520058	3535834	True	Siphoviridae	GCF_002285795.1	NZ_CP022961.1
NZ_CP072359.1	NZ_CP072359.1_prophage1	99582	103388	False	Unknown	GCF_018128065.1	NZ_CP072359.1
NZ_CP072359.1	NZ_CP072359.1_prophage2	310125	318265	False	Myoviridae	GCF_018128065.1	NZ_CP072359.1
NZ_CP020477.1	NZ_CP020477.1_prophage1	2023072	2032242	False	Fuselloviridae	GCF_002116695.1	NZ_CP020477.1
NZ_CP099837.1	NZ_CP099837.1_prophage1	1219265	1248181	False	Siphoviridae	GCF_024134545.1	NZ_CP099837.1
NZ_CP099837.1	NZ_CP099837.1_prophage2	2038373	2064223	False	Siphoviridae	GCF_024134545.1	NZ_CP099837.1
NZ_CP099837.1	NZ_CP099837.1_prophage3	4920255	4930800	False	Unknown	GCF_024134545.1	NZ_CP099837.1
NZ_CP099837.1	NZ_CP099837.1_prophage4	7075940	7095447	False	Siphoviridae	GCF_024134545.1	NZ_CP099837.1
NZ_AP024861.1	NZ_AP024861.1_prophage1	2410158	2432502	False	Siphoviridae	GCF_024346755.1	NZ_AP024861.1
NZ_AP024861.1	NZ_AP024861.1_prophage2	2474978	2498705	False	Myoviridae	GCF_024346755.1	NZ_AP024861.1
NZ_CP072390.1	NZ_CP072390.1_prophage1	742888	756680	False	Unknown	GCF_018127785.1	NZ_CP072390.1
NC_013440.1	NC_013440.1_prophage1	843631	873361	False	Siphoviridae	GCF_000024805.1	NC_013440.1
NC_013440.1	NC_013440.1_prophage2	996692	1007601	False	Unknown	GCF_000024805.1	NC_013440.1
NC_013440.1	NC_013440.1_prophage3	1077841	1105442	False	Siphoviridae	GCF_000024805.1	NC_013440.1
NC_013440.1	NC_013440.1_prophage4	1150812	1163090	True	Unknown	GCF_000024805.1	NC_013440.1
NC_013440.1	NC_013440.1_prophage5	5042416	5050057	False	Myoviridae	GCF_000024805.1	NC_013440.1
NC_009380.1	NC_009380.1_prophage1	67687	71193	False	Siphoviridae	GCF_000016425.1	NC_009380.1
NC_009380.1	NC_009380.1_prophage2	591614	625117	False	Siphoviridae	GCF_000016425.1	NC_009380.1
NC_009380.1	NC_009380.1_prophage3	2248067	2254929	False	Siphoviridae	GCF_000016425.1	NC_009380.1
NC_009380.1	NC_009380.1_prophage4	3845472	3853855	True	Unknown	GCF_000016425.1	NC_009380.1
NC_011026.1	NC_011026.1_prophage1	304244	319429	False	Myoviridae	GCF_000020525.1	NC_011026.1
NZ_CP021850.1	NZ_CP021850.1_prophage1	77503	90834	False	Myoviridae	GCF_002896855.1	NZ_CP021850.1
NZ_CP021850.1	NZ_CP021850.1_prophage2	3053291	3092554	False	Siphoviridae	GCF_002896855.1	NZ_CP021850.1
NC_017167.1	NC_017167.1_prophage1	1791052	1809593	True	Siphoviridae	GCF_000219875.1	NC_017167.1
NC_017167.1	NC_017167.1_prophage2	2313234	2326296	False	Siphoviridae / Podoviridae	GCF_000219875.1	NC_017167.1
NC_017167.1	NC_017167.1_prophage3	2369982	2381715	False	Siphoviridae	GCF_000219875.1	NC_017167.1
NZ_CP027569.1	NZ_CP027569.1_prophage1	273308	298561	False	Myoviridae	GCF_003006415.1	NZ_CP027569.1
NZ_CP027569.1	NZ_CP027569.1_prophage2	1664733	1688327	False	Myoviridae	GCF_003006415.1	NZ_CP027569.1
NZ_CP027569.1	NZ_CP027569.1_prophage3	2241451	2259816	False	Siphoviridae	GCF_003006415.1	NZ_CP027569.1
NZ_CP042329.1	NZ_CP042329.1_prophage1	7422	15761	False	Unknown	GCF_007904085.1	NZ_CP042329.1
NC_012588.1	NC_012588.1_prophage1	1682045	1691253	False	Fuselloviridae	GCF_000022405.1	NC_012588.1
NZ_CP097607.1	NZ_CP097607.1_prophage1	2196465	2208060	False	Siphoviridae	GCF_023572945.1	NZ_CP097607.1
NZ_CP076448.1	NZ_CP076448.1_prophage1	2053373	2056742	False	Podoviridae	GCF_019203965.1	NZ_CP076448.1
NZ_CP117687.1	NZ_CP117687.1_prophage1	1486359	1487736	False	Unknown	GCF_028622795.1	NZ_CP117687.1
NZ_AP019827.1	NZ_AP019827.1_prophage1	798573	815199	False	Myoviridae	GCF_008327825.1	NZ_AP019827.1
NZ_CP027570.1	NZ_CP027570.1_prophage1	1489981	1517501	False	Myoviridae	GCF_003010495.1	NZ_CP027570.1
NZ_CP027570.1	NZ_CP027570.1_prophage2	1991575	2005052	False	Myoviridae / Siphoviridae / Podoviridae	GCF_003010495.1	NZ_CP027570.1
NZ_CP133672.1	NZ_CP133672.1_prophage1	18490	26559	True	Myoviridae	GCF_031326345.1	NZ_CP133672.1
NZ_CP083582.1	NZ_CP083582.1_prophage1	790162	799852	False	Myoviridae	GCF_020091585.1	NZ_CP083582.1
NZ_CP012670.1	NZ_CP012670.1_prophage1	5055429	5085855	False	Myoviridae	GCF_004135735.1	NZ_CP012670.1
NZ_CP012670.1	NZ_CP012670.1_prophage2	7437544	7443636	False	Myoviridae	GCF_004135735.1	NZ_CP012670.1
NZ_AP025730.1	NZ_AP025730.1_prophage1	170769	181533	True	Siphoviridae	GCF_023734135.1	NZ_AP025730.1
NZ_AP025730.1	NZ_AP025730.1_prophage2	1941664	1944315	False	Myoviridae	GCF_023734135.1	NZ_AP025730.1
NZ_AP025730.1	NZ_AP025730.1_prophage3	3358621	3372883	False	Myoviridae	GCF_023734135.1	NZ_AP025730.1
NZ_AP025730.1	NZ_AP025730.1_prophage4	3685781	3696758	False	Unknown	GCF_023734135.1	NZ_AP025730.1
NZ_CP076323.1	NZ_CP076323.1_prophage1	654741	687534	False	Myoviridae	GCF_018771625.1	NZ_CP076323.1
NZ_AP014696.1	NZ_AP014696.1_prophage1	3219544	3235607	False	Siphoviridae	GCF_000829015.1	NZ_AP014696.1
NZ_AP014696.1	NZ_AP014696.1_prophage2	3241633	3245783	False	Unknown	GCF_000829015.1	NZ_AP014696.1
NZ_CP047694.1	NZ_CP047694.1_prophage1	4669924	4679974	False	Myoviridae	GCF_028472785.1	NZ_CP047694.1
NZ_OY760437.1	NZ_OY760437.1_prophage1	927823	952194	False	Myoviridae	GCF_963663625.1	NZ_OY760437.1
NZ_OY760438.1	NZ_OY760438.1_prophage1	35697	54250	False	Myoviridae	GCF_963663625.1	NZ_OY760438.1
NZ_OY760438.1	NZ_OY760438.1_prophage2	270206	279239	False	Unknown	GCF_963663625.1	NZ_OY760438.1
NZ_AP025017.1	NZ_AP025017.1_prophage1	839635	852487	False	Unknown	GCF_019974135.1	NZ_AP025017.1
NZ_CP086393.1	NZ_CP086393.1_prophage1	901733	918210	False	Myoviridae	GCF_022494515.1	NZ_CP086393.1
NZ_CP086393.1	NZ_CP086393.1_prophage2	6307296	6323858	False	Myoviridae	GCF_022494515.1	NZ_CP086393.1
NZ_CP086393.1	NZ_CP086393.1_prophage3	6347462	6371288	False	Myoviridae	GCF_022494515.1	NZ_CP086393.1
NC_010320.1	NC_010320.1_prophage1	1272866	1309240	False	Siphoviridae	GCF_000019065.1	NC_010320.1
NZ_CP110888.1	NZ_CP110888.1_prophage1	1901484	1946280	True	Siphoviridae	GCF_026240795.1	NZ_CP110888.1
NZ_CP132914.1	NZ_CP132914.1_prophage1	780452	801456	False	Myoviridae	GCF_030848765.1	NZ_CP132914.1
NZ_CP132914.1	NZ_CP132914.1_prophage2	1379568	1396173	False	Podoviridae	GCF_030848765.1	NZ_CP132914.1
NC_013946.1	NC_013946.1_prophage1	2013208	2023606	False	Unknown	GCF_000024425.1	NC_013946.1
NZ_CP133197.1	NZ_CP133197.1_prophage1	2641280	2646436	False	Myoviridae	GCF_030931015.1	NZ_CP133197.1
NZ_CP118496.1	NZ_CP118496.1_prophage1	978901	985460	False	Unknown	GCF_028885455.1	NZ_CP118496.1
NZ_CP118496.1	NZ_CP118496.1_prophage2	2665571	2685937	False	Siphoviridae	GCF_028885455.1	NZ_CP118496.1
NZ_CP065938.1	NZ_CP065938.1_prophage1	740367	779615	False	Myoviridae	GCF_025232395.1	NZ_CP065938.1
NZ_CP065938.1	NZ_CP065938.1_prophage2	1591854	1612229	False	Podoviridae	GCF_025232395.1	NZ_CP065938.1
NZ_CP045417.1	NZ_CP045417.1_prophage1	1130212	1134114	False	Siphoviridae	GCF_009363755.1	NZ_CP045417.1
NZ_CP045417.1	NZ_CP045417.1_prophage2	1403958	1434708	False	Siphoviridae	GCF_009363755.1	NZ_CP045417.1
NZ_CP045417.1	NZ_CP045417.1_prophage3	1775155	1787442	False	Myoviridae / Siphoviridae / Fuselloviridae	GCF_009363755.1	NZ_CP045417.1
NC_015711.1	NC_015711.1_prophage1	4312358	4327472	False	Siphoviridae	GCF_000219105.1	NC_015711.1
NC_015711.1	NC_015711.1_prophage2	5983843	6003560	False	Siphoviridae	GCF_000219105.1	NC_015711.1
NC_015711.1	NC_015711.1_prophage3	7499183	7502901	False	Myoviridae	GCF_000219105.1	NC_015711.1
NZ_CP046565.1	NZ_CP046565.1_prophage1	8392	14236	True	Unknown	GCF_012769535.1	NZ_CP046565.1
NZ_CP046565.1	NZ_CP046565.1_prophage2	932615	942864	False	Myoviridae	GCF_012769535.1	NZ_CP046565.1
NZ_CP016502.1	NZ_CP016502.1_prophage1	1324831	1333151	False	Unknown	GCF_001692755.1	NZ_CP016502.1
NZ_CP016502.1	NZ_CP016502.1_prophage2	2793353	2826016	True	Siphoviridae	GCF_001692755.1	NZ_CP016502.1
NC_014377.1	NC_014377.1_prophage1	1247789	1261512	False	Siphoviridae	GCF_000144645.1	NC_014377.1
NC_014377.1	NC_014377.1_prophage2	1957221	1969945	False	Siphoviridae	GCF_000144645.1	NC_014377.1
NZ_CP103874.1	NZ_CP103874.1_prophage1	1246703	1286898	False	Myoviridae	GCF_030517085.1	NZ_CP103874.1
NZ_CP103874.1	NZ_CP103874.1_prophage2	1292656	1299673	False	Myoviridae	GCF_030517085.1	NZ_CP103874.1
NZ_CP074133.1	NZ_CP074133.1_prophage1	161440	173304	False	Siphoviridae	GCF_018316655.1	NZ_CP074133.1
NZ_CP074133.1	NZ_CP074133.1_prophage2	3834144	3846872	False	Siphoviridae	GCF_018316655.1	NZ_CP074133.1
NZ_CP117963.1	NZ_CP117963.1_prophage1	1296375	1307466	True	Unknown	GCF_028743395.1	NZ_CP117963.1
NZ_CP117963.1	NZ_CP117963.1_prophage2	2057142	2060950	False	Siphoviridae	GCF_028743395.1	NZ_CP117963.1
NZ_CP117963.1	NZ_CP117963.1_prophage3	2713069	2726548	False	Siphoviridae	GCF_028743395.1	NZ_CP117963.1
NC_014410.1	NC_014410.1_prophage1	808507	837120	True	Siphoviridae	GCF_000145615.1	NC_014410.1
NC_013592.1	NC_013592.1_prophage1	817240	846942	True	Myoviridae	GCF_000025065.1	NC_013592.1
NC_013592.1	NC_013592.1_prophage2	1659926	1673915	False	Myoviridae	GCF_000025065.1	NC_013592.1
NC_013592.1	NC_013592.1_prophage3	2014544	2036153	False	Myoviridae	GCF_000025065.1	NC_013592.1
NC_013592.1	NC_013592.1_prophage4	2704882	2706656	False	Unknown	GCF_000025065.1	NC_013592.1
NC_013592.1	NC_013592.1_prophage5	4300991	4304362	False	Siphoviridae	GCF_000025065.1	NC_013592.1
NC_013592.1	NC_013592.1_prophage6	4557681	4560938	False	Unknown	GCF_000025065.1	NC_013592.1
NZ_AP021879.1	NZ_AP021879.1_prophage1	894553	913075	True	Unknown	GCF_009689005.1	NZ_AP021879.1
NZ_AP021879.1	NZ_AP021879.1_prophage2	2974134	2988765	False	Myoviridae	GCF_009689005.1	NZ_AP021879.1
NZ_AP021879.1	NZ_AP021879.1_prophage3	3406698	3475794	True	Myoviridae	GCF_009689005.1	NZ_AP021879.1
NZ_AP021879.1	NZ_AP021879.1_prophage4	5957281	5992172	True	Myoviridae	GCF_009689005.1	NZ_AP021879.1
NZ_CP025249.1	NZ_CP025249.1_prophage1	367577	371029	False	Siphoviridae	GCF_009930875.1	NZ_CP025249.1
NZ_CP025249.1	NZ_CP025249.1_prophage2	1569680	1596395	False	Siphoviridae	GCF_009930875.1	NZ_CP025249.1
NZ_CP025249.1	NZ_CP025249.1_prophage3	2793190	2797052	False	Siphoviridae	GCF_009930875.1	NZ_CP025249.1
NZ_CP025249.1	NZ_CP025249.1_prophage4	2915423	2937158	False	Siphoviridae	GCF_009930875.1	NZ_CP025249.1
NZ_CP025249.1	NZ_CP025249.1_prophage5	2941784	2945882	False	Unknown	GCF_009930875.1	NZ_CP025249.1
NZ_CP121471.1	NZ_CP121471.1_prophage1	3595367	3597704	False	Unknown	GCF_033954835.1	NZ_CP121471.1
NZ_CP121471.1	NZ_CP121471.1_prophage2	4116764	4123320	False	Unknown	GCF_033954835.1	NZ_CP121471.1
NZ_CP048626.1	NZ_CP048626.1_prophage1	1017177	1034266	False	Myoviridae	GCF_010669205.1	NZ_CP048626.1
NZ_CP048626.1	NZ_CP048626.1_prophage2	1046051	1049787	False	Siphoviridae	GCF_010669205.1	NZ_CP048626.1
NZ_CP048626.1	NZ_CP048626.1_prophage3	1673927	1680806	False	Siphoviridae	GCF_010669205.1	NZ_CP048626.1
NZ_CP048626.1	NZ_CP048626.1_prophage4	1890192	1922000	False	Siphoviridae	GCF_010669205.1	NZ_CP048626.1
NZ_CP048626.1	NZ_CP048626.1_prophage5	3183270	3204542	False	Siphoviridae	GCF_010669205.1	NZ_CP048626.1
NZ_CP048626.1	NZ_CP048626.1_prophage6	3768647	3778827	True	Myoviridae / Siphoviridae	GCF_010669205.1	NZ_CP048626.1
NZ_CP048626.1	NZ_CP048626.1_prophage7	3809000	3817182	False	Siphoviridae	GCF_010669205.1	NZ_CP048626.1
NZ_CP048626.1	NZ_CP048626.1_prophage8	3911844	3934723	False	Siphoviridae	GCF_010669205.1	NZ_CP048626.1
NZ_CP048626.1	NZ_CP048626.1_prophage9	4601136	4622779	False	Siphoviridae	GCF_010669205.1	NZ_CP048626.1
NZ_CP048626.1	NZ_CP048626.1_prophage10	5160592	5194252	False	Siphoviridae	GCF_010669205.1	NZ_CP048626.1
NZ_CP048626.1	NZ_CP048626.1_prophage11	5874306	5917810	False	Siphoviridae	GCF_010669205.1	NZ_CP048626.1
NZ_CP067992.1	NZ_CP067992.1_prophage1	1327829	1373822	False	Siphoviridae	GCF_016658865.1	NZ_CP067992.1
NC_015680.1	NC_015680.1_prophage1	1434807	1447056	False	Myoviridae	GCF_000215995.1	NC_015680.1
NZ_LR134365.1	NZ_LR134365.1_prophage1	1043610	1081300	False	Myoviridae	GCF_900637305.1	NZ_LR134365.1
NZ_LR134365.1	NZ_LR134365.1_prophage2	1689287	1719636	False	Myoviridae	GCF_900637305.1	NZ_LR134365.1
NZ_LR134365.1	NZ_LR134365.1_prophage3	2178568	2206100	False	Myoviridae	GCF_900637305.1	NZ_LR134365.1
NZ_CP059570.1	NZ_CP059570.1_prophage1	1491738	1500080	False	Unknown	GCF_014055005.1	NZ_CP059570.1
NZ_CP047240.1	NZ_CP047240.1_prophage1	2631283	2649556	False	Myoviridae	GCF_018141365.1	NZ_CP047240.1
NC_015519.1	NC_015519.1_prophage1	1092790	1115589	True	Siphoviridae	GCF_000213235.1	NC_015519.1
NC_015519.1	NC_015519.1_prophage2	2501532	2539673	False	Siphoviridae	GCF_000213235.1	NC_015519.1
NZ_CP020327.1	NZ_CP020327.1_prophage1	419874	456857	False	Myoviridae	GCF_002043025.1	NZ_CP020327.1
NZ_CP020327.1	NZ_CP020327.1_prophage2	743746	758686	False	Myoviridae	GCF_002043025.1	NZ_CP020327.1
NZ_CP020327.1	NZ_CP020327.1_prophage3	925283	1002882	True	Myoviridae	GCF_002043025.1	NZ_CP020327.1
NZ_CP020327.1	NZ_CP020327.1_prophage4	1003756	1028740	False	Myoviridae	GCF_002043025.1	NZ_CP020327.1
NZ_CP020327.1	NZ_CP020327.1_prophage5	1155057	1191974	True	Siphoviridae	GCF_002043025.1	NZ_CP020327.1
NZ_CP020327.1	NZ_CP020327.1_prophage6	3607056	3633564	False	Siphoviridae	GCF_002043025.1	NZ_CP020327.1
NZ_CP094472.1	NZ_CP094472.1_prophage1	132412	147854	True	Unknown	GCF_023347355.1	NZ_CP094472.1
NZ_CP094472.1	NZ_CP094472.1_prophage2	163967	169588	False	Siphoviridae	GCF_023347355.1	NZ_CP094472.1
NZ_CP094472.1	NZ_CP094472.1_prophage3	827057	832491	False	Siphoviridae	GCF_023347355.1	NZ_CP094472.1
NZ_CP094472.1	NZ_CP094472.1_prophage4	1771308	1784219	False	Myoviridae	GCF_023347355.1	NZ_CP094472.1
NZ_OY775937.1	NZ_OY775937.1_prophage1	2769270	2771164	False	Unknown	GCF_963675255.1	NZ_OY775937.1
NZ_CP010822.1	NZ_CP010822.1_prophage1	134858	168025	False	Myoviridae	GCF_001399775.1	NZ_CP010822.1
NZ_CP010822.1	NZ_CP010822.1_prophage2	1047311	1067413	False	Siphoviridae	GCF_001399775.1	NZ_CP010822.1
NZ_CP010822.1	NZ_CP010822.1_prophage3	1068866	1080491	False	Unknown	GCF_001399775.1	NZ_CP010822.1
NZ_CP048008.1	NZ_CP048008.1_prophage1	653	51705	False	Siphoviridae	GCF_020882195.1	NZ_CP048008.1
NZ_CP048008.1	NZ_CP048008.1_prophage2	1418387	1457000	False	Unknown	GCF_020882195.1	NZ_CP048008.1
NZ_CP048008.1	NZ_CP048008.1_prophage3	1481277	1485707	False	Unknown	GCF_020882195.1	NZ_CP048008.1
NZ_CP048008.1	NZ_CP048008.1_prophage4	2800372	2805740	False	Unknown	GCF_020882195.1	NZ_CP048008.1
NZ_AP019822.1	NZ_AP019822.1_prophage1	354635	360139	False	Unknown	GCF_007990505.1	NZ_AP019822.1
NZ_CP034119.1	NZ_CP034119.1_prophage1	838	23270	False	Siphoviridae	GCF_003856495.1	NZ_CP034119.1
NZ_CP015839.1	NZ_CP015839.1_prophage1	4548654	4559104	False	Myoviridae	GCF_001651805.1	NZ_CP015839.1
NC_020134.1	NC_020134.1_prophage1	420178	457160	True	Myoviridae	GCF_000331995.1	NC_020134.1
NZ_LR746496.1	NZ_LR746496.1_prophage1	1655800	1658536	False	Myoviridae	GCF_902729405.1	NZ_LR746496.1
NZ_CP016027.1	NZ_CP016027.1_prophage1	86360	119471	False	Siphoviridae	GCF_001663815.1	NZ_CP016027.1
NZ_CP054140.1	NZ_CP054140.1_prophage1	322456	348879	False	Myoviridae / Siphoviridae	GCF_016446285.1	NZ_CP054140.1
NZ_CP054140.1	NZ_CP054140.1_prophage2	631583	696564	True	Myoviridae	GCF_016446285.1	NZ_CP054140.1
NZ_CP054140.1	NZ_CP054140.1_prophage3	1851227	1858355	False	Myoviridae	GCF_016446285.1	NZ_CP054140.1
NZ_CP054140.1	NZ_CP054140.1_prophage4	2377695	2385130	False	Myoviridae	GCF_016446285.1	NZ_CP054140.1
NZ_CP054140.1	NZ_CP054140.1_prophage5	2407945	2411832	False	Siphoviridae	GCF_016446285.1	NZ_CP054140.1
NZ_CP073011.1	NZ_CP073011.1_prophage1	647065	667353	False	Siphoviridae	GCF_018075365.1	NZ_CP073011.1
NZ_CP073011.1	NZ_CP073011.1_prophage2	2702029	2725396	False	Siphoviridae	GCF_018075365.1	NZ_CP073011.1
NZ_CP073011.1	NZ_CP073011.1_prophage3	3582692	3602722	False	Siphoviridae	GCF_018075365.1	NZ_CP073011.1
NZ_AP024718.1	NZ_AP024718.1_prophage1	884537	892410	True	Unknown	GCF_030294985.1	NZ_AP024718.1
NZ_CP020370.1	NZ_CP020370.1_prophage1	2664564	2675134	False	Unknown	GCF_002813775.1	NZ_CP020370.1
NZ_CP020370.1	NZ_CP020370.1_prophage2	3686324	3703770	False	Myoviridae	GCF_002813775.1	NZ_CP020370.1
NZ_CP020371.1	NZ_CP020371.1_prophage1	202389	213871	False	Unknown	GCF_002813775.1	NZ_CP020371.1
NC_018870.1	NC_018870.1_prophage1	801825	807407	True	Unknown	GCF_000305935.1	NC_018870.1
NC_018870.1	NC_018870.1_prophage2	2329009	2367354	True	Siphoviridae	GCF_000305935.1	NC_018870.1
NZ_CP019699.1	NZ_CP019699.1_prophage1	1056814	1092224	False	Siphoviridae	GCF_002005165.1	NZ_CP019699.1
NZ_CP040093.1	NZ_CP040093.1_prophage1	253320	267157	False	Siphoviridae	GCF_006016075.1	NZ_CP040093.1
NC_010424.1	NC_010424.1_prophage1	801027	826849	True	Myoviridae / Siphoviridae	GCF_000018425.1	NC_010424.1
NZ_CP029601.1	NZ_CP029601.1_prophage1	2130152	2136628	False	Unknown	GCF_003945525.1	NZ_CP029601.1
NZ_CP029601.1	NZ_CP029601.1_prophage2	4507884	4517862	False	Myoviridae	GCF_003945525.1	NZ_CP029601.1
NZ_CP029601.1	NZ_CP029601.1_prophage3	5201509	5204298	False	Unknown	GCF_003945525.1	NZ_CP029601.1
NZ_CP040517.1	NZ_CP040517.1_prophage1	528591	539864	False	Siphoviridae	GCF_005849285.1	NZ_CP040517.1
NC_017464.1	NC_017464.1_prophage1	88200	101737	False	Siphoviridae	GCF_000258405.1	NC_017464.1
NZ_CP016379.1	NZ_CP016379.1_prophage1	733177	748550	False	Myoviridae	GCF_003991135.1	NZ_CP016379.1
NZ_CP016379.1	NZ_CP016379.1_prophage2	762409	774012	False	Siphoviridae	GCF_003991135.1	NZ_CP016379.1
NZ_CP119968.1	NZ_CP119968.1_prophage1	511248	516705	False	Myoviridae	GCF_032163395.1	NZ_CP119968.1
NZ_CP119968.1	NZ_CP119968.1_prophage2	3767919	3773767	False	Myoviridae	GCF_032163395.1	NZ_CP119968.1
NZ_CP128650.1	NZ_CP128650.1_prophage1	200444	226843	False	Myoviridae	GCF_030644225.1	NZ_CP128650.1
NZ_CP128650.1	NZ_CP128650.1_prophage2	777250	790639	False	Siphoviridae	GCF_030644225.1	NZ_CP128650.1
NZ_CP128650.1	NZ_CP128650.1_prophage3	953983	982180	False	Siphoviridae	GCF_030644225.1	NZ_CP128650.1
NZ_CP128650.1	NZ_CP128650.1_prophage4	1224904	1263511	False	Myoviridae	GCF_030644225.1	NZ_CP128650.1
NZ_CP081860.1	NZ_CP081860.1_prophage1	1140634	1180707	False	Myoviridae	GCF_019797925.1	NZ_CP081860.1
NZ_OY782944.1	NZ_OY782944.1_prophage1	113573	159763	True	Myoviridae	GCF_963678605.1	NZ_OY782944.1
NZ_OY782944.1	NZ_OY782944.1_prophage2	222319	240341	False	Myoviridae	GCF_963678605.1	NZ_OY782944.1
NZ_OY782945.1	NZ_OY782945.1_prophage1	208100	223274	False	Siphoviridae	GCF_963678605.1	NZ_OY782945.1
NZ_OY782945.1	NZ_OY782945.1_prophage2	785395	797656	False	Unknown	GCF_963678605.1	NZ_OY782945.1
NZ_OY782945.1	NZ_OY782945.1_prophage3	802027	830200	False	Myoviridae	GCF_963678605.1	NZ_OY782945.1
NZ_OY782945.1	NZ_OY782945.1_prophage4	1734467	1743750	False	Siphoviridae	GCF_963678605.1	NZ_OY782945.1
NZ_OY782945.1	NZ_OY782945.1_prophage5	1768734	1776479	False	Podoviridae	GCF_963678605.1	NZ_OY782945.1
NZ_CP108331.1	NZ_CP108331.1_prophage1	4752942	4758579	False	Unknown	GCF_036226265.1	NZ_CP108331.1
NZ_AP026818.1	NZ_AP026818.1_prophage1	1011596	1045242	False	Siphoviridae	GCF_033128245.1	NZ_AP026818.1
NZ_AP026818.1	NZ_AP026818.1_prophage2	1366063	1395525	False	Myoviridae / Siphoviridae	GCF_033128245.1	NZ_AP026818.1
NZ_AP026820.1	NZ_AP026820.1_prophage1	10738	33108	False	Siphoviridae	GCF_033128245.1	NZ_AP026820.1
NC_014962.1	NC_014962.1_prophage1	3537549	3557118	False	Myoviridae / Siphoviridae / Podoviridae	GCF_000186345.1	NC_014962.1
NC_014962.1	NC_014962.1_prophage2	4112247	4138645	False	Unknown	GCF_000186345.1	NC_014962.1
NZ_AP013044.1	NZ_AP013044.1_prophage1	2443446	2449187	False	Unknown	GCF_001547875.1	NZ_AP013044.1
NZ_AP013044.1	NZ_AP013044.1_prophage2	3196795	3202561	False	Unknown	GCF_001547875.1	NZ_AP013044.1
NZ_AP013044.1	NZ_AP013044.1_prophage3	3210197	3212172	False	Unknown	GCF_001547875.1	NZ_AP013044.1
NZ_LR797830.1	NZ_LR797830.1_prophage1	1524983	1527291	True	Unknown	GCF_903064525.1	NZ_LR797830.1
NZ_LR797830.1	NZ_LR797830.1_prophage2	1568782	1582588	True	Myoviridae	GCF_903064525.1	NZ_LR797830.1
NZ_CP066203.1	NZ_CP066203.1_prophage1	2323847	2329889	True	Siphoviridae	GCF_017310545.1	NZ_CP066203.1
NZ_CP110249.1	NZ_CP110249.1_prophage1	3868103	3883541	False	Myoviridae	GCF_026013925.1	NZ_CP110249.1
NC_017079.1	NC_017079.1_prophage1	5096041	5104190	False	Myoviridae	GCF_000281175.1	NC_017079.1
NC_006300.1	NC_006300.1_prophage1	73055	100127	False	Myoviridae	GCF_000007745.1	NC_006300.1
NC_006300.1	NC_006300.1_prophage2	103070	109505	False	Unknown	GCF_000007745.1	NC_006300.1
NZ_CP024704.1	NZ_CP024704.1_prophage1	233201	249459	False	Myoviridae	GCF_002763875.1	NZ_CP024704.1
NC_012997.1	NC_012997.1_prophage1	4113209	4134749	False	Myoviridae	GCF_000023025.1	NC_012997.1
NC_015388.1	NC_015388.1_prophage1	1684694	1696225	False	Siphoviridae	GCF_000195295.1	NC_015388.1
NC_015388.1	NC_015388.1_prophage2	3263390	3272377	False	Myoviridae	GCF_000195295.1	NC_015388.1
NZ_CP074570.1	NZ_CP074570.1_prophage1	4161887	4177018	False	Myoviridae	GCF_019900845.1	NZ_CP074570.1
NZ_CP013653.1	NZ_CP013653.1_prophage1	25643	40599	False	Myoviridae	GCF_001465275.1	NZ_CP013653.1
NZ_CP013653.1	NZ_CP013653.1_prophage2	1963001	2006799	False	Myoviridae	GCF_001465275.1	NZ_CP013653.1
NZ_CP024890.1	NZ_CP024890.1_prophage1	1678803	1718941	False	Siphoviridae	GCF_002863905.1	NZ_CP024890.1
NZ_CP024890.1	NZ_CP024890.1_prophage2	2791279	2828570	False	Siphoviridae	GCF_002863905.1	NZ_CP024890.1
NZ_CP024890.1	NZ_CP024890.1_prophage3	3867384	3884017	False	Siphoviridae	GCF_002863905.1	NZ_CP024890.1
NZ_CP024890.1	NZ_CP024890.1_prophage4	3888585	3907432	False	Siphoviridae	GCF_002863905.1	NZ_CP024890.1
NZ_CP024891.1	NZ_CP024891.1_prophage1	54220	63435	True	Podoviridae / Fuselloviridae	GCF_002863905.1	NZ_CP024891.1
NZ_CP048617.1	NZ_CP048617.1_prophage1	235355	265744	False	Myoviridae	GCF_010669085.1	NZ_CP048617.1
NZ_CP017248.1	NZ_CP017248.1_prophage1	2094612	2102820	False	Unknown	GCF_001735805.1	NZ_CP017248.1
NZ_CP017248.1	NZ_CP017248.1_prophage2	5128109	5142071	False	Myoviridae / Siphoviridae	GCF_001735805.1	NZ_CP017248.1
NC_015975.1	NC_015975.1_prophage1	774277	799198	False	Siphoviridae	GCF_000224985.1	NC_015975.1
NZ_CP039268.1	NZ_CP039268.1_prophage1	136370	155835	False	Myoviridae	GCF_009664085.1	NZ_CP039268.1
NZ_CP039268.1	NZ_CP039268.1_prophage2	1121029	1138418	False	Tectiviridae	GCF_009664085.1	NZ_CP039268.1
NZ_LN890655.1	NZ_LN890655.1_prophage1	2567938	2575117	False	Siphoviridae	GCF_900066015.1	NZ_LN890655.1
NZ_LN890656.1	NZ_LN890656.1_prophage1	795894	803930	False	Myoviridae	GCF_900066015.1	NZ_LN890656.1
NZ_LN890657.1	NZ_LN890657.1_prophage1	21664	34645	False	Unknown	GCF_900066015.1	NZ_LN890657.1
NZ_AP019850.1	NZ_AP019850.1_prophage1	245815	273029	False	Siphoviridae	GCF_019670025.1	NZ_AP019850.1
NZ_CP025601.1	NZ_CP025601.1_prophage1	2973818	2981520	False	Siphoviridae	GCF_002886335.1	NZ_CP025601.1
NZ_CP035467.1	NZ_CP035467.1_prophage1	2439139	2449446	False	Myoviridae	GCF_005931095.1	NZ_CP035467.1
NZ_CP069396.1	NZ_CP069396.1_prophage1	7053582	7058708	False	Myoviridae	GCF_016887565.1	NZ_CP069396.1
NZ_CP069396.1	NZ_CP069396.1_prophage2	8455276	8473045	False	Unknown	GCF_016887565.1	NZ_CP069396.1
NZ_CP023711.1	NZ_CP023711.1_prophage1	948096	982033	False	Myoviridae	GCF_022649565.1	NZ_CP023711.1
NZ_CP023711.1	NZ_CP023711.1_prophage2	995504	1008799	False	Myoviridae / Siphoviridae	GCF_022649565.1	NZ_CP023711.1
NZ_CP023711.1	NZ_CP023711.1_prophage3	2534105	2559844	False	Siphoviridae	GCF_022649565.1	NZ_CP023711.1
NZ_CP023711.1	NZ_CP023711.1_prophage4	4652758	4675486	False	Myoviridae	GCF_022649565.1	NZ_CP023711.1
NZ_CP064879.1	NZ_CP064879.1_prophage1	7596330	7598101	False	Myoviridae	GCF_025677855.1	NZ_CP064879.1
NC_003551.1	NC_003551.1_prophage1	440954	450530	False	Siphoviridae	GCF_000007185.1	NC_003551.1
NZ_LR134523.1	NZ_LR134523.1_prophage1	795578	809533	False	Myoviridae	GCF_900638585.1	NZ_LR134523.1
NZ_AP025593.1	NZ_AP025593.1_prophage1	1616556	1635192	False	Myoviridae	GCF_022846375.1	NZ_AP025593.1
NZ_CP099464.1	NZ_CP099464.1_prophage1	4335716	4340475	False	Myoviridae	GCF_024584745.1	NZ_CP099464.1
NZ_LT906477.1	NZ_LT906477.1_prophage1	310827	347248	False	Siphoviridae	GCF_900187165.1	NZ_LT906477.1
NC_012785.1	NC_012785.1_prophage1	73365	85501	False	Siphoviridae	GCF_000023325.1	NC_012785.1
NC_014365.1	NC_014365.1_prophage1	116357	121517	False	Unknown	GCF_000143965.1	NC_014365.1
NC_014365.1	NC_014365.1_prophage2	1744223	1783983	False	Myoviridae	GCF_000143965.1	NC_014365.1
NC_014365.1	NC_014365.1_prophage3	1928264	1941770	True	Siphoviridae	GCF_000143965.1	NC_014365.1
NC_014365.1	NC_014365.1_prophage4	2000190	2012150	False	Myoviridae	GCF_000143965.1	NC_014365.1
NC_014365.1	NC_014365.1_prophage5	2023944	2046112	True	Myoviridae / Siphoviridae	GCF_000143965.1	NC_014365.1
NC_014365.1	NC_014365.1_prophage6	2477171	2489820	False	Siphoviridae	GCF_000143965.1	NC_014365.1
NC_014365.1	NC_014365.1_prophage7	2832410	2853518	False	Siphoviridae	GCF_000143965.1	NC_014365.1
NC_014365.1	NC_014365.1_prophage8	2863142	2895369	False	Siphoviridae	GCF_000143965.1	NC_014365.1
NC_014365.1	NC_014365.1_prophage9	3628772	3639418	False	Siphoviridae	GCF_000143965.1	NC_014365.1
NC_019684.1	NC_019684.1_prophage1	131542	148692	True	Myoviridae / Siphoviridae	GCF_000316645.1	NC_019684.1
NC_012034.1	NC_012034.1_prophage1	2573069	2587528	False	Siphoviridae	GCF_000022325.1	NC_012034.1
NZ_CP016753.1	NZ_CP016753.1_prophage1	1097057	1108262	False	Myoviridae	GCF_002240055.1	NZ_CP016753.1
NZ_CP016753.1	NZ_CP016753.1_prophage2	1454846	1475185	False	Myoviridae	GCF_002240055.1	NZ_CP016753.1
NZ_CP072425.1	NZ_CP072425.1_prophage1	2480621	2510808	False	Myoviridae	GCF_017742995.1	NZ_CP072425.1
NC_007776.1	NC_007776.1_prophage1	1605317	1608769	False	Podoviridae	GCF_000013225.1	NC_007776.1
NZ_CP020953.1	NZ_CP020953.1_prophage1	1266131	1283368	False	Myoviridae	GCF_003096175.1	NZ_CP020953.1
NZ_CP109072.1	NZ_CP109072.1_prophage1	3965863	3970568	False	Siphoviridae	GCF_035917395.1	NZ_CP109072.1
NZ_CP109072.1	NZ_CP109072.1_prophage2	4576331	4594921	False	Siphoviridae	GCF_035917395.1	NZ_CP109072.1
NZ_CP109072.1	NZ_CP109072.1_prophage3	7075496	7077235	False	Unknown	GCF_035917395.1	NZ_CP109072.1
NZ_CP021434.1	NZ_CP021434.1_prophage1	382706	389904	False	Siphoviridae	GCF_002162355.1	NZ_CP021434.1
NZ_CP021434.1	NZ_CP021434.1_prophage2	3271049	3278910	False	Unknown	GCF_002162355.1	NZ_CP021434.1
NZ_CP021434.1	NZ_CP021434.1_prophage3	3648439	3657084	False	Myoviridae	GCF_002162355.1	NZ_CP021434.1
NZ_AP024619.1	NZ_AP024619.1_prophage1	66038	76619	False	Siphoviridae	GCF_019668485.1	NZ_AP024619.1
NZ_AP024619.1	NZ_AP024619.1_prophage2	1696452	1704949	False	Myoviridae	GCF_019668485.1	NZ_AP024619.1
NZ_CP015106.1	NZ_CP015106.1_prophage1	1285437	1291175	False	Myoviridae	GCF_002214565.1	NZ_CP015106.1
NC_009523.1	NC_009523.1_prophage1	2034405	2064231	False	Myoviridae	GCF_000016665.1	NC_009523.1
NZ_LR134442.1	NZ_LR134442.1_prophage1	1275937	1282694	False	Siphoviridae	GCF_900637915.1	NZ_LR134442.1
NZ_LR134442.1	NZ_LR134442.1_prophage2	1638439	1642681	True	Unknown	GCF_900637915.1	NZ_LR134442.1
NZ_LR134442.1	NZ_LR134442.1_prophage3	2580012	2582675	False	Unknown	GCF_900637915.1	NZ_LR134442.1
NC_015565.1	NC_015565.1_prophage1	2295397	2302488	False	Unknown	GCF_000214435.1	NC_015565.1
NZ_CP051198.1	NZ_CP051198.1_prophage1	276715	289824	False	Siphoviridae	GCF_024181225.1	NZ_CP051198.1
NZ_CP067336.1	NZ_CP067336.1_prophage1	470758	486980	False	Siphoviridae	GCF_016626125.1	NZ_CP067336.1
NC_014720.1	NC_014720.1_prophage1	582725	590934	False	Unknown	GCF_000166775.1	NC_014720.1
NZ_CP025197.1	NZ_CP025197.1_prophage1	2952369	2978944	True	Siphoviridae	GCF_002844395.1	NZ_CP025197.1
NZ_CP025197.1	NZ_CP025197.1_prophage2	3023131	3036199	True	Myoviridae	GCF_002844395.1	NZ_CP025197.1
NZ_CP043998.1	NZ_CP043998.1_prophage1	3843747	3856286	False	Myoviridae	GCF_008705175.1	NZ_CP043998.1
NZ_CP120599.1	NZ_CP120599.1_prophage1	1554108	1577596	False	Myoviridae	GCF_029536915.1	NZ_CP120599.1
NZ_CP075175.1	NZ_CP075175.1_prophage1	1119969	1127610	False	Siphoviridae	GCF_021223605.1	NZ_CP075175.1
NZ_CP075175.1	NZ_CP075175.1_prophage2	1136255	1158600	False	Myoviridae	GCF_021223605.1	NZ_CP075175.1
NZ_CP075175.1	NZ_CP075175.1_prophage3	3252306	3265273	False	Myoviridae	GCF_021223605.1	NZ_CP075175.1
NZ_CP075175.1	NZ_CP075175.1_prophage4	3756435	3773211	False	Myoviridae	GCF_021223605.1	NZ_CP075175.1
NZ_CP075175.1	NZ_CP075175.1_prophage5	5429096	5443899	False	Myoviridae	GCF_021223605.1	NZ_CP075175.1
NZ_CP108581.1	NZ_CP108581.1_prophage1	1156064	1166292	False	Siphoviridae	GCF_036010665.1	NZ_CP108581.1
NZ_CP020452.2	NZ_CP020452.2_prophage1	1729898	1739020	True	Unknown	GCF_002073715.2	NZ_CP020452.2
NZ_CP020452.2	NZ_CP020452.2_prophage2	1994986	2001049	False	Myoviridae	GCF_002073715.2	NZ_CP020452.2
NZ_CP033460.1	NZ_CP033460.1_prophage1	897026	935543	False	Siphoviridae	GCF_003718735.1	NZ_CP033460.1
